Files,Imports,
KafkaAdminClient.java,151
FetcherTest.java,110
KafkaConsumerTest.java,107
KafkaAdminClientTest.java,105
RequestResponseTest.java,104
ApiKeys.java,100
SaslAuthenticatorTest.java,97
SenderTest.java,95
Errors.java,90
StreamThreadTest.java,81
ConsumerCoordinatorTest.java,80
Fetcher.java,77
TopologyTestDriver.java,75
StandbyTaskTest.java,74
QueryableStateIntegrationTest.java,73
KStreamAggregationIntegrationTest.java,72
KafkaProducerTest.java,70
StreamTaskTest.java,68
SaslServerAuthenticator.java,68
TransactionManagerTest.java,68
KafkaProducer.java,66
WorkerSinkTaskTest.java,65
KafkaStreams.java,64
StandaloneHerderTest.java,64
WorkerTest.java,62
KafkaStreamsTest.java,62
TopologyTestDriverTest.java,62
KafkaConsumer.java,62
DistributedHerderTest.java,61
SuppressionDurabilityIntegrationTest.java,61
DistributedHerder.java,60
ConnectorPluginsResourceTest.java,59
KStreamImplTest.java,57
ErrorHandlingTaskTest.java,56
WorkerSourceTaskTest.java,55
RestoreIntegrationTest.java,54
SaslClientAuthenticator.java,53
SuppressionIntegrationTest.java,53
AbstractCoordinator.java,52
ConsumerCoordinator.java,51
AbstractResetIntegrationTest.java,51
CachingWindowStoreTest.java,51
ProcessorStateManagerTest.java,50
WindowBytesStoreTest.java,50
Worker.java,50
AbstractRocksDBSegmentedBytesStoreTest.java,50
GlobalStateManagerImplTest.java,50
KTableTransformValuesTest.java,49
ClientCompatibilityTest.java,49
RegexSourceIntegrationTest.java,49
Sender.java,49
IntegrationTestUtils.java,49
CoordinatorTest.java,48
SaslChannelBuilder.java,48
StreamThread.java,48
KafkaBasedLogTest.java,48
WorkerSinkTaskThreadedTest.java,48
AgentTest.java,48
StreamThreadStateStoreProviderTest.java,48
CoordinatorClient.java,48
EosIntegrationTest.java,47
SimpleBenchmark.java,47
TransactionManager.java,47
RecordAccumulatorTest.java,47
SelectorTest.java,47
StreamsPartitionAssignorTest.java,47
SuppressScenarioTest.java,46
TestUtils.java,46
TestSslUtils.java,46
Utils.java,46
RoundTripWorker.java,46
AbstractCoordinatorTest.java,45
KGroupedStreamImplTest.java,45
KStreamSessionWindowAggregateProcessorTest.java,45
SessionBytesStoreTest.java,45
RestServer.java,44
KTableImplTest.java,44
InternalTopicIntegrationTest.java,44
RocksDBStore.java,44
TaskManager.java,43
KStreamImpl.java,43
RepartitionOptimizingIntegrationTest.java,43
MetricsTest.java,43
ErrorReporterTest.java,43
VerifiableConsumer.java,43
ProcessorTopologyTest.java,42
AbstractHerderTest.java,42
CachingSessionStoreTest.java,42
WorkerSinkTask.java,42
JsonConverterTest.java,42
DelegatingClassLoader.java,41
NetworkClient.java,41
KafkaConfigBackingStoreTest.java,41
AbstractHerder.java,41
KStreamWindowAggregateTest.java,41
StreamsResetter.java,41
FineGrainedAutoResetIntegrationTest.java,41
StoreChangelogReaderTest.java,41
TaskManagerTest.java,40
ConnectionStressWorker.java,40
MeteredSessionStoreTest.java,40
WorkerSourceTask.java,40
StreamTask.java,40
ErrorHandlingIntegrationTest.java,40
InternalTopologyBuilderTest.java,40
RecordAccumulator.java,40
SmokeTestDriver.java,40
ConnectorsResourceTest.java,39
MeteredTimestampedKeyValueStoreTest.java,39
WorkerCoordinatorTest.java,39
MeteredKeyValueStoreTest.java,39
KafkaConfigBackingStore.java,39
AbstractJoinIntegrationTest.java,39
SslFactory.java,39
RocksDBStoreTest.java,38
KafkaOffsetBackingStoreTest.java,38
SslSelectorTest.java,38
SslTransportLayerTest.java,38
KTableKTableLeftJoinTest.java,38
ConsumeBenchWorker.java,38
EmbeddedConnectCluster.java,38
StreamsConfigTest.java,37
AbstractTaskTest.java,37
InternalStreamsBuilder.java,37
KTableSuppressProcessorTest.java,37
UtilsTest.java,37
KTableImpl.java,37
StreamsPartitionAssignor.java,37
ConnectorsResource.java,37
KafkaStatusBackingStore.java,37
Selector.java,37
StreamsConfig.java,37
EosTestDriver.java,37
RocksDBGenericOptionsToDbOptionsColumnFamilyOptionsAdapterTest.java,37
ProduceBenchWorker.java,36
GlobalStreamThreadTest.java,36
TimeOrderedKeyValueBufferTest.java,36
MeteredWindowStoreTest.java,36
KStreamAggregationDedupIntegrationTest.java,36
GlobalKTableIntegrationTest.java,36
PushHttpMetricsReporterTest.java,36
GlobalKTableEOSIntegrationTest.java,36
StreamsBuilderTest.java,36
ProcessorContextImplTest.java,35
RecordCollectorTest.java,35
CachingKeyValueStoreTest.java,35
ConsumerNetworkClientTest.java,35
FileRecordsTest.java,34
InternalMockProcessorContext.java,34
RestServerTest.java,34
InternalStreamsBuilderTest.java,34
JsonConverter.java,33
InternalTopologyBuilder.java,33
PurgeRepartitionTopicIntegrationTest.java,33
KeyValueStoreTestDriver.java,33
MetricsIntegrationTest.java,32
AgentClient.java,32
SessionWindowedKStreamImplTest.java,32
RetryWithToleranceOperatorTest.java,32
GlobalThreadShutDownOrderTest.java,32
NetworkClientTest.java,32
StandaloneHerder.java,32
StreamsMetadataStateTest.java,32
PushHttpMetricsReporter.java,32
RecordQueueTest.java,31
KafkaLog4jAppender.java,31
WorkerManager.java,31
RepartitionWithMergeOptimizingIntegrationTest.java,31
InMemoryTimeOrderedKeyValueBuffer.java,31
KTableSourceTopicRestartIntegrationTest.java,31
SaslAuthenticatorFailureDelayTest.java,31
ConnectHeadersTest.java,31
NioEchoServer.java,30
KGroupedTableImplTest.java,30
GlobalStateManagerImpl.java,30
WorkerGroupMember.java,30
ProduceRequest.java,30
GlobalStateTaskTest.java,30
OAuthBearerSaslServerTest.java,30
KTableKTableInnerJoinTest.java,30
GlobalStateStoreProviderTest.java,30
TimeWindowedKStreamImplTest.java,30
DeleteAclsResponse.java,30
ExpiringCredentialRefreshingLoginTest.java,29
KTableKTableOuterJoinTest.java,29
StreamsBuilder.java,29
RecordCollectorImpl.java,29
TimestampConverter.java,29
CoordinatorRestResource.java,29
ClientAuthenticationFailureTest.java,29
AbstractKeyValueStoreTest.java,29
FetchResponse.java,29
YahooBenchmark.java,29
OAuthBearerUnsecuredLoginCallbackHandler.java,29
WorkerUtils.java,29
ConsumerNetworkClient.java,28
InMemoryWindowStore.java,28
ProducerBatch.java,28
TransactionalMessageCopier.java,28
JsonRestServer.java,28
ConsumerMetadataTest.java,28
Plugins.java,27
KStreamKTableJoinTest.java,27
RocksDBGenericOptionsToDbOptionsColumnFamilyOptionsAdapter.java,27
SaslServerAuthenticatorTest.java,27
SslFactoryTest.java,27
Metadata.java,27
KStreamTransformIntegrationTest.java,27
DescribeAclsResponse.java,27
KafkaStatusBackingStoreTest.java,27
ScramSaslServer.java,27
ProducerBatchTest.java,27
Agent.java,27
KStreamKStreamJoinTest.java,27
KafkaBasedLog.java,27
GlobalStreamThread.java,27
MockProducerTest.java,27
PluginsTest.java,27
KTableFilterTest.java,26
TimestampedKeyValueStoreMaterializerTest.java,26
SourceTaskOffsetCommitterTest.java,26
ProcessorContextImpl.java,26
KStreamTransformValuesTest.java,26
ConnectWorkerIntegrationTest.java,26
AbstractStreamTest.java,26
SubscriptionState.java,26
KStreamTestDriver.java,26
StateDirectoryTest.java,26
StreamsOptimizedTest.java,26
RocksDBTimestampedStore.java,26
SensorTest.java,26
SmokeTestClient.java,26
KTableAggregateTest.java,26
StickyAssignor.java,26
KTableSourceTest.java,26
Cast.java,25
InMemorySessionStore.java,25
OffsetStorageWriterTest.java,25
AbstractProcessorContextTest.java,25
MockProcessorContext.java,25
ExternalCommandWorker.java,25
InternalTopicManagerTest.java,25
ConnectorPluginsResource.java,25
NamedCacheTest.java,25
FetchSessionHandlerTest.java,25
MockConsumer.java,25
KafkaOffsetBackingStore.java,25
MemoryRecordsTest.java,25
StreamsResetterTest.java,25
WorkerTaskTest.java,25
BrokerCompatibilityTest.java,24
ConnectDistributed.java,24
FetchRequest.java,24
KTableMapValuesTest.java,24
Metrics.java,24
AbstractRocksDBSegmentedBytesStore.java,24
CompositeReadOnlyKeyValueStoreTest.java,24
FileLogInputStreamTest.java,24
BufferPoolTest.java,24
RecordBatchIterationBenchmark.java,24
MetadataTest.java,24
WorkerCoordinator.java,24
MiniTrogdorCluster.java,24
MessageTest.java,24
TimeWindowedKStreamImpl.java,24
OAuthBearerLoginModuleTest.java,24
SslTransportLayer.java,23
KerberosLogin.java,23
SessionWindowedKStreamImpl.java,23
MemoryRecordsBuilderTest.java,23
ConnectorConfig.java,23
WorkerUtilsTest.java,23
StreamsGraphTest.java,23
ExampleConnectIntegrationTest.java,23
ConfigDefTest.java,23
MockAdminClient.java,23
KStreamKTableLeftJoinTest.java,23
DeleteAclsRequest.java,23
OAuthBearerSaslServer.java,23
ProducerPerformance.java,23
KafkaEmbedded.java,23
MetadataResponse.java,23
ConnectStandalone.java,23
MockProducer.java,23
ConnectMetrics.java,23
KStreamKStreamLeftJoinTest.java,23
MockInternalProcessorContext.java,23
PageViewTypedDemo.java,23
NodeManager.java,23
MockProcessorContextTest.java,23
Coordinator.java,23
RequestUtils.java,23
RestClient.java,22
SslChannelBuilder.java,22
MockClient.java,22
Values.java,22
LazyDownConversionRecordsTest.java,22
TimetampedSegmentsTest.java,22
DeadLetterQueueReporter.java,22
PartitionGroupTest.java,22
ExternalCommandWorkerTest.java,22
DescribeConfigsResponse.java,22
OAuthBearerSaslClientCallbackHandler.java,22
JmxReporter.java,22
UpdateMetadataRequest.java,22
GlobalProcessorContextImplTest.java,22
VerifiableProducer.java,22
WorkerConfig.java,22
KeyValueSegmentsTest.java,22
PageViewUntypedDemo.java,22
OffsetFetchResponse.java,22
ChangeLoggingTimestampedKeyValueBytesStoreTest.java,22
KStreamGlobalKTableLeftJoinTest.java,22
DefaultKafkaPrincipalBuilderTest.java,22
KStreamGlobalKTableJoinTest.java,22
KafkaLZ4Test.java,22
OffsetForLeaderEpochClientTest.java,21
StoreChangelogReader.java,21
ScramSaslClient.java,21
ConnectHeaders.java,21
JsonSerializationTest.java,21
ProcessorStateManager.java,21
ChangeLoggingSessionBytesStoreTest.java,21
StickyAssignorTest.java,21
StoresTest.java,21
JaasContextTest.java,21
TopicAdminTest.java,21
ChangeLoggingKeyValueBytesStoreTest.java,21
CompositeReadOnlyWindowStoreTest.java,21
StreamsStandByReplicaTest.java,21
CreateAclsRequest.java,21
DefaultKafkaPrincipalBuilder.java,21
KeyValueStoreFacadeTest.java,21
SessionStoreBuilderTest.java,21
RocksDBTimestampedStoreTest.java,21
GlobalProcessorContextImpl.java,21
AbstractTask.java,21
EmbeddedKafkaCluster.java,21
ListOffsetResponse.java,20
WindowKeySchemaTest.java,20
ProduceRequestTest.java,20
SubscriptionStateTest.java,20
DescribeDelegationTokenResponse.java,20
InternalTopicManager.java,20
OAuthBearerSaslClient.java,20
KStreamSessionWindowAggregate.java,20
WorkerTask.java,20
TopicAdmin.java,20
StreamsNamedRepartitionTest.java,20
JaasBasicAuthFilterTest.java,20
FileStreamSinkTaskTest.java,20
KafkaLog4jAppenderTest.java,20
CompositeReadOnlySessionStoreTest.java,20
ChangeLoggingTimestampedWindowBytesStoreTest.java,20
KTableSuppressProcessorMetricsTest.java,20
ReadOnlyWindowStoreStub.java,20
OAuthBearerLoginModule.java,20
SuppressTopologyTest.java,20
RocksDBWindowStoreTest.java,20
AbstractConfigTest.java,20
DescribeLogDirsResponse.java,20
Stores.java,20
TxnOffsetCommitRequest.java,20
MaskField.java,19
OAuthBearerSaslClientTest.java,19
KStreamTransformTest.java,19
SegmentIteratorTest.java,19
ProducerMetadataTest.java,19
StreamsMetricsImpl.java,19
StreamsMetricsImplTest.java,19
InsertField.java,19
ReadOnlyWindowStoreFacadeTest.java,19
ConnectClusterStateImplTest.java,19
SessionKeySchemaTest.java,19
RepartitionTopicNamingTest.java,19
OAuthBearerUnsecuredValidatorCallbackHandlerTest.java,19
ProduceResponse.java,19
WorkerConnectorTest.java,19
WorkerConfigTransformerTest.java,19
MaskFieldTest.java,19
StickyTaskAssignorTest.java,19
FetchSessionHandler.java,19
WriteTxnMarkersRequest.java,19
ListOffsetRequest.java,19
CastTest.java,19
PluginUtils.java,19
AbstractStateManager.java,19
KStreamWindowAggregate.java,19
AssignmentInfo.java,19
LeaderAndIsrRequest.java,19
TimestampConverterTest.java,18
MeteredTimestampWindowStoreTest.java,18
ReplaceField.java,18
WindowStoreBuilderTest.java,18
ChangeLoggingWindowBytesStoreTest.java,18
MeteredKeyValueStore.java,18
AssignedStreamsTasksTest.java,18
FileStreamSourceTaskTest.java,18
PrintedTest.java,18
FileRecords.java,18
AddPartitionsToTxnRequest.java,18
TimestampedKeyValueStoreBuilderTest.java,18
StandbyContextImpl.java,18
NamedCache.java,18
TestKeyManagerFactory.java,18
FileStreamSourceTask.java,18
AgentRestResource.java,18
GlobalKTableJoinsTest.java,18
KStreamForeachTest.java,18
AssignedTasks.java,18
DefaultRecordBatch.java,18
TimestampedWindowStoreBuilderTest.java,18
ChannelBuilders.java,18
MemoryRecords.java,18
ConnectMetricsTest.java,18
OffsetsForLeaderEpochResponse.java,18
LoginManager.java,18
StateDirectory.java,18
KafkaMbeanTest.java,18
AbstractLegacyRecordBatch.java,18
StopReplicaRequest.java,18
AlterConfigsResponse.java,18
DeleteRecordsResponse.java,18
OffsetFetchRequest.java,18
ClientUtils.java,18
StreamTableJoinIntegrationTest.java,17
TableTableJoinIntegrationTest.java,17
DeleteRecordsRequest.java,17
DescribeAclsRequest.java,17
DescribeConfigsRequest.java,17
KStreamPeekTest.java,17
ImplicitLinkedHashCollectionTest.java,17
MeteredWindowStore.java,17
MockClientSupplier.java,17
AlterReplicaLogDirsResponse.java,17
SmokeTestDriverIntegrationTest.java,17
InMemoryWindowStoreTest.java,17
KGroupedStreamImpl.java,17
OAuthBearerUnsecuredJws.java,17
KeyValueStoreBuilderTest.java,17
OAuthBearerUnsecuredLoginCallbackHandlerTest.java,17
WindowStoreFacadeTest.java,17
CachingWindowStore.java,17
ExpectedTasks.java,17
CompositeRestoreListenerTest.java,17
KGroupedTableImpl.java,17
StreamsTestUtils.java,17
SaslClientCallbackHandler.java,17
MeteredSessionStore.java,17
MockConsumerInterceptor.java,17
DeleteAclsResponseTest.java,17
ConnectClusterStateImpl.java,17
ProcessorNodeTest.java,17
AlterConfigsRequest.java,17
PropertyFileLoginModule.java,17
ProducerConfig.java,17
MonitorableSourceConnector.java,17
ConsumerConfig.java,17
WordCountProcessorDemo.java,17
Flatten.java,17
AddPartitionsToTxnResponse.java,17
ThreadCacheTest.java,17
StreamsMetadataState.java,17
ProcessorNode.java,17
StoreChangeLoggerTest.java,16
OffsetsForLeaderEpochRequest.java,16
SyncGroupRequest.java,16
ScramMessagesTest.java,16
KStreamFlatMapTest.java,16
OAuthBearerRefreshingLogin.java,16
FrequenciesTest.java,16
MonitorableSinkConnector.java,16
StreamsBrokerDownResilienceTest.java,16
RocksDBKeyValueStoreTest.java,16
SourceRecordTest.java,16
ConsumeBenchSpec.java,16
AbstractLogin.java,16
FileLogInputStream.java,16
ForwardingDisabledProcessorContext.java,16
Materialized.java,16
StateConsumerTest.java,16
DescribeLogDirsRequest.java,16
KTableMapKeysTest.java,16
MergedSortedCacheWrappedWindowStoreIteratorTest.java,16
OffsetCheckpoint.java,16
ApiVersionsResponse.java,16
ChannelBuildersTest.java,16
EosTestClient.java,16
AbstractSegments.java,16
SinkNodeTest.java,16
KeyValueIteratorFacadeTest.java,16
TransformationConfigTest.java,16
AlterReplicaLogDirsRequest.java,16
CreatePartitionsRequest.java,16
ConnectorConfigTest.java,16
RestExtensionIntegrationTest.java,16
KStreamBranchTest.java,16
ConsumerProtocolTest.java,16
FlattenTest.java,16
TransformationDoc.java,16
CreateDelegationTokenResponse.java,15
Sensor.java,15
CreatePartitionsResponse.java,15
ReadOnlyKeyValueStoreFacadeTest.java,15
ScramFormatter.java,15
PluginUtilsTest.java,15
NoOpProcessorContext.java,15
StopReplicaResponse.java,15
CachingSessionStore.java,15
MetadataCache.java,15
KStreamFlatMapValuesTest.java,15
CachingKeyValueStore.java,15
DefaultRecord.java,15
ConsumerInterceptorsTest.java,15
TimestampedSegmentTest.java,15
ProcessorContextTest.java,15
StreamStreamJoinIntegrationTest.java,15
LeaderAndIsrResponse.java,15
CreateAclsRequestTest.java,15
KStreamSelectKeyTest.java,15
MergedSortedCacheWrappedWindowStoreKeyValueIteratorTest.java,15
MappedByteBuffers.java,15
WriteTxnMarkersResponse.java,15
FileOffsetBackingStore.java,15
ValueToKey.java,15
GraphGraceSearchUtilTest.java,15
FileStreamSinkTask.java,15
SuppressedTest.java,15
ClusterConnectionStatesTest.java,15
MockSelector.java,15
GenericInMemoryTimestampedKeyValueStore.java,15
KeyValueSegmentTest.java,15
SinkRecordTest.java,15
NetworkTestUtils.java,15
DescribeAclsResponseTest.java,15
KStreamFilterTest.java,14
FileOffsetBackingStoreTest.java,14
ListGroupsResponse.java,14
AbstractConfig.java,14
ConfigDef.java,14
KTableSuppressProcessor.java,14
PlainSaslServer.java,14
JsonUtilTest.java,14
ShutdownDeadlockTest.java,14
KTableReduceTest.java,14
TxnOffsetCommitResponse.java,14
KStreamMapTest.java,14
JaasBasicAuthFilter.java,14
TimestampedWindowStoreBuilder.java,14
OAuthBearerUnsecuredValidatorCallbackHandler.java,14
InMemoryLRUCacheStoreTest.java,14
AbstractStream.java,14
FilteredCacheIteratorTest.java,14
AdminMetadataManagerTest.java,14
RecordSendTest.java,14
KStreamMapValuesTest.java,14
ElectPreferredLeadersRequest.java,14
VerifiableLog4jAppender.java,14
SaslChannelBuilderTest.java,14
GenericInMemoryKeyValueStore.java,14
NumberConverter.java,14
WindowedStreamPartitionerTest.java,14
ValuesTest.java,14
KTable.java,14
CreateAclsResponse.java,14
Kibosh.java,14
EchoServer.java,14
MemoryOffsetBackingStore.java,14
WrappingStoreProviderTest.java,14
OffsetsForLeaderEpochClient.java,14
StandbyTask.java,14
DeleteGroupsResponse.java,14
TimestampedKeyValueStoreBuilder.java,14
TemperatureDemo.java,14
DefaultRecordBatchTest.java,13
ExpiringCredentialRefreshingLogin.java,13
DeleteGroupsRequest.java,13
TransformerSupplierAdapterTest.java,13
DefaultPartitionGrouperTest.java,13
PlainServerCallbackHandler.java,13
SchemaSourceTask.java,13
ConnectProtocol.java,13
StickyTaskAssignor.java,13
KafkaChannel.java,13
TopologyTest.java,13
NetworkPartitionFaultWorker.java,13
AdminClient.java,13
SmokeTestUtil.java,13
SimpleHeaderConverterTest.java,13
InMemorySessionStoreTest.java,13
CoordinatorClientTest.java,13
ResetIntegrationWithSslTest.java,13
ReadOnlySessionStoreStub.java,13
CreateDelegationTokenRequest.java,13
ConnectSchemaTest.java,13
AppInfoParserTest.java,13
AssignedStreamsTasks.java,13
DescribeGroupsResponse.java,13
KafkaFutureTest.java,13
StateRestoreCallbackAdapterTest.java,13
ProducerMetadata.java,13
ScramServerCallbackHandler.java,13
KStreamFlatTransformValuesTest.java,13
RetryWithToleranceOperator.java,13
CompressionType.java,13
JaasConfig.java,13
LoginManagerTest.java,13
LegacyRecordTest.java,13
DeleteAclsRequestTest.java,13
InMemoryKeyValueStore.java,13
RequestContextTest.java,13
SchemaProjectorTest.java,13
PlaintextChannelBuilder.java,13
KafkaLZ4BlockInputStream.java,13
WorkerSinkTaskContext.java,13
VerifiableSourceTask.java,13
SerializationTest.java,13
GroupedStreamAggregateBuilder.java,13
JaasContext.java,13
MaterializedInternalTest.java,13
InsertFieldTest.java,13
KStreamFlatTransformTest.java,13
MockConsumerTest.java,12
ClusterConfigState.java,12
AssignmentInfoTest.java,12
SourceTaskOffsetCommitter.java,12
SetSchemaMetadataTest.java,12
DefaultPartitionerTest.java,12
ByteArrayConverterTest.java,12
ThreadCache.java,12
ResourcePatternFilterTest.java,12
DescribeDelegationTokenRequest.java,12
SetSchemaMetadata.java,12
MessageGenerator.java,12
RocksDBSessionStoreTest.java,12
CopartitionedTopicsValidatorTest.java,12
DefaultPartitionGrouper.java,12
PluginDescTest.java,12
MergedSortedCacheWrappedSessionStoreIteratorTest.java,12
ScramCredentialUtilsTest.java,12
BufferPool.java,12
ConsumeBenchSpecTest.java,12
KStreamKStreamJoin.java,12
NodeApiVersions.java,12
TestJaasConfig.java,12
AppInfoParser.java,12
LRUCacheBenchmark.java,12
TopicBenchmark.java,12
KStream.java,12
MergedSortedCacheKeyValueBytesStoreIteratorTest.java,12
SimpleHeaderConverter.java,12
MockConnector.java,12
FileStreamSourceConnectorTest.java,12
FileStreamSourceConnector.java,12
RootResourceTest.java,12
AbstractProcessorContext.java,12
ConsumerProtocol.java,12
WordCountDemo.java,12
MetadataRequest.java,12
ImplicitLinkedHashMultiCollectionTest.java,12
AdminMetadataManager.java,11
StateRestorerTest.java,11
WorkerConnector.java,11
FileConfigProvider.java,11
FutureRecordMetadataTest.java,11
FileConfigProviderTest.java,11
ExternalCommandSpec.java,11
DescribeAclsRequestTest.java,11
ConfigTest.java,11
RequestHeader.java,11
NodeApiVersionsTest.java,11
MockInternalTopicManager.java,11
ConsumerRecordFactoryTest.java,11
VerifiableSinkTask.java,11
OffsetCommitRequest.java,11
OAuthBearerSaslClienCallbackHandlerTest.java,11
WordCountProcessorTest.java,11
DeleteTopicsRequest.java,11
KStreamAggregate.java,11
Microbenchmarks.java,11
ProducerRecordBenchmark.java,11
KerberosClientCallbackHandler.java,11
WindowKeySchema.java,11
MockScheduler.java,11
HoistField.java,11
WorkerConfigTransformer.java,11
FileStreamSinkConnector.java,11
Herder.java,11
Sensors.java,11
TimeWindowedDeserializerTest.java,11
FileStreamSinkConnectorTest.java,11
MockRestoreConsumer.java,11
SessionTupleForwarderTest.java,11
MemoryConfigBackingStore.java,11
ApiVersionsResponseTest.java,11
RecordHeadersTest.java,11
KStreamPrintTest.java,11
SessionWindowedDeserializerTest.java,11
InFlightRequestsTest.java,11
ClientUtilsTest.java,11
QueryableStoreProviderTest.java,11
CompositeReadOnlyWindowStore.java,11
Cluster.java,11
TimeWindowedSerializerTest.java,11
AdminClientConfig.java,11
SaslServerCallbackHandler.java,11
RecordDeserializerTest.java,11
StructTest.java,11
DefaultRecordTest.java,11
SSLUtilsTest.java,11
KTableSource.java,11
StreamThreadStateStoreProvider.java,11
SessionWindowedSerializerTest.java,11
PlainSaslServerTest.java,11
BasicPlatformTest.java,11
RangeAssignorTest.java,11
ConsumerRecordFactory.java,11
ElectPreferredLeadersResult.java,11
QueryableStoreTypes.java,11
KTableKTableRightJoinTest.java,11
TimestampedTupleForwarderTest.java,10
ConnectHeaderTest.java,10
OffsetCheckpointTest.java,10
SenderMetricsRegistry.java,10
ConsumerRecordsTest.java,10
LoggingSignalHandler.java,10
SanitizerTest.java,10
ProcessStopFaultWorker.java,10
KStreamReduce.java,10
DeleteAclsResult.java,10
ConnectSchema.java,10
LegacyRecord.java,10
JmxReporterTest.java,10
ProtocolSerializationTest.java,10
SyncGroupResponse.java,10
KTableTransformValues.java,10
DefaultPartitioner.java,10
PartitionsSpec.java,10
LeaderAndIsrResponseTest.java,10
ConnectExceptionMapper.java,10
SchemaBuilderTest.java,10
StopReplicaResponseTest.java,10
StreamsSmokeTest.java,10
ExpireDelegationTokenResponse.java,10
TimeWindows.java,10
Protocol.java,10
SchemaProjector.java,10
RequestContext.java,10
ClusterConnectionStates.java,10
ConfigTransformerTest.java,10
ValueToKeyTest.java,10
ExtractFieldTest.java,10
DelegationTokenCache.java,10
ConfigTransformer.java,10
ChangeLoggingWindowBytesStore.java,10
GlobalStateManagerStub.java,10
MemoryLRUCache.java,10
ProducerInterceptorsTest.java,10
ChangeLoggingKeyValueBytesStore.java,10
MultiRecordsSendTest.java,10
AbstractPartitionAssignor.java,10
SessionWindowedKStream.java,10
OffsetStorageReaderImpl.java,10
AclBindingTest.java,10
TopicsSpecTest.java,10
MockKeyValueStore.java,10
ConnectionStressSpec.java,10
KeyValueToTimestampedKeyValueByteStoreAdapter.java,10
WindowToTimestampedWindowByteStoreAdapter.java,10
InMemoryKeyValueStoreTest.java,10
RoundRobinAssignor.java,10
ResetIntegrationTest.java,10
CapturingCommandRunner.java,10
ApiUtilsTest.java,10
SslSender.java,10
RoundRobinAssignorTest.java,10
RecordQueue.java,10
ControlledShutdownResponse.java,10
EndTxnRequest.java,10
MockProducerInterceptor.java,10
FullChangeSerdeTest.java,10
TableSourceNode.java,10
RecordHeaders.java,10
RestExceptionMapperTest.java,10
BasicPlatform.java,10
RenewDelegationTokenResponse.java,10
SubscriptionInfo.java,10
TimestampRouter.java,10
MockProcessor.java,10
MemoryStatusBackingStore.java,10
MultiRecordsSend.java,10
TestDigestLoginModule.java,10
StringFormatterTest.java,10
SegmentedBytesStoreStub.java,9
TopicTest.java,9
GlobalStateStoreProvider.java,9
OffsetCommitResponse.java,9
TimestampedCacheFlushListenerTest.java,9
KeyValueStoreFacade.java,9
NumberConverterTest.java,9
ControlRequestTest.java,9
AdminClientUnitTestEnv.java,9
SessionCacheFlushListenerTest.java,9
DefaultKafkaClientSupplier.java,9
ConsumerGroupDescription.java,9
SSLUtils.java,9
ForwardingDisabledProcessorContextTest.java,9
ConsumerInterceptors.java,9
PartitionStates.java,9
WorkerInfo.java,9
TransformationChain.java,9
KTableAggregate.java,9
ByteUtilsTest.java,9
AbstractResponse.java,9
RecordDeserializer.java,9
RestExceptionMapper.java,9
ConnectorHandle.java,9
GlobalStateUpdateTask.java,9
MetricsBench.java,9
ScramSaslServerTest.java,9
BasicNode.java,9
TimeWindowedKStream.java,9
ByteBufferLogInputStreamTest.java,9
Shell.java,9
ElectPreferredLeadersResponse.java,9
ReflectionsUtil.java,9
NetworkPartitionFaultSpec.java,9
MeteredTimestampedKeyValueStore.java,9
StreamsUpgradeTest.java,9
AbstractIteratorTest.java,9
Producer.java,9
ReplaceFieldTest.java,9
ChangeLoggingSessionBytesStore.java,9
TestTrustManagerFactory.java,9
UnlimitedWindowsTest.java,9
AddOffsetsToTxnRequest.java,9
MeteredTimestampedWindowStore.java,9
OAuthBearerUnsecuredJwsTest.java,9
IncrementalAlterConfigsResponse.java,9
StringConverter.java,9
OffsetStorageWriter.java,9
TimeWindowsTest.java,9
ApiMessageTypeTest.java,9
ProducerInterceptors.java,9
MemoryRecordsBuilder.java,9
ConnectUtils.java,9
MockSinkTask.java,9
ProduceBenchSpec.java,8
RenewDelegationTokenRequest.java,8
EndTxnResponse.java,8
SourceNodeTest.java,8
PunctuationQueueTest.java,8
CompositeRestoreListener.java,8
SimpleLegacyRecordTest.java,8
MetadataRequestTest.java,8
DelegatingPeekingKeyValueIteratorTest.java,8
AbstractRequest.java,8
FindCoordinatorRequest.java,8
Consumer.java,8
Frequencies.java,8
TopicsSpec.java,8
ExpireDelegationTokenRequest.java,8
OAuthBearerClientInitialResponse.java,8
SessionWindowedSerializer.java,8
RocksDbIterator.java,8
ProcessorContext.java,8
StateStoreProviderStub.java,8
ExtractField.java,8
SessionKeySchema.java,8
ManualMetadataUpdater.java,8
NewTopic.java,8
PartitionGroup.java,8
CreateTopicsRequest.java,8
ClientStateTest.java,8
InFlightRequests.java,8
TransportLayer.java,8
ProcessorRecordContext.java,8
ConsumerConfigTest.java,8
Percentiles.java,8
MockSourceTask.java,8
MeteredWindowedKeyValueIterator.java,8
PartitionStatesTest.java,8
HeartbeatRequest.java,8
SubscriptionInfoTest.java,8
KTableReduce.java,8
JoinGroupRequest.java,8
ConsumerMetadata.java,8
DescribeReplicaLogDirsResult.java,8
KiboshFaultWorker.java,8
KTableKTableJoinNode.java,8
ErrorsTest.java,8
LazyDownConversionRecordsSend.java,8
HoistFieldTest.java,8
CertStores.java,8
SingleGroupPartitionGrouperStub.java,8
ProcessStopFaultSpec.java,8
KTableKTableJoinMerger.java,8
ImplicitLinkedHashCollection.java,8
ValueTransformerWithKey.java,8
MemoryNavigableLRUCache.java,8
FilesUnreadableFaultSpec.java,8
SchemaSourceConnector.java,8
CommonClientConfigsTest.java,8
ShellTest.java,8
KTableKTableInnerJoin.java,8
HeartbeatResponse.java,8
KGroupedStream.java,8
CreateTopicsResponse.java,8
AbstractLegacyRecordBatchTest.java,8
DeleteTopicsResponse.java,8
JsonUtil.java,8
ReadOnlyWindowStoreFacade.java,8
AddOffsetsToTxnResponse.java,8
VerifiableSinkConnector.java,8
FixedOrderMapTest.java,8
NoOpRecordCollector.java,8
WindowedSerdesTest.java,8
SampleTaskWorker.java,8
ErrorHandlingMetrics.java,8
FindCoordinatorResponse.java,8
TimeWindowedSerializer.java,8
ValueTransformer.java,8
ConfigBackingStore.java,8
ScramFormatterTest.java,8
UnlimitedWindows.java,8
MockConnectMetrics.java,8
SaslHandshakeResponse.java,8
ConsumerRecords.java,8
ByteArrayConverter.java,8
ConnectUtilsTest.java,8
VerifiableSourceConnector.java,8
OAuthBearerClientInitialResponseTest.java,8
MeterTest.java,8
Headers.java,8
OAuthBearerValidationUtilsTest.java,8
PluginType.java,8
PayloadGeneratorTest.java,8
InternalTopicConfigTest.java,7
StringExpanderTest.java,7
MockSourceConnector.java,7
RocksDBWindowStore.java,7
GarbageCollectedMemoryPool.java,7
SslPrincipalMapper.java,7
AlterConfigOp.java,7
CollectionUtils.java,7
TimestampedCacheFlushListener.java,7
TasksRequest.java,7
StateRestoreCallbackAdapter.java,7
OAuthBearerExtensionsValidatorCallbackTest.java,7
KTableKTableOuterJoin.java,7
TaskSpecTest.java,7
RangeAssignor.java,7
MockStateRestoreListener.java,7
WindowStoreFacade.java,7
Transformer.java,7
WorkerHandle.java,7
TimeWindowedDeserializer.java,7
NetworkReceive.java,7
EndTransactionMarker.java,7
IncrementalAlterConfigsRequest.java,7
RegexRouter.java,7
StateManager.java,7
InitProducerIdRequest.java,7
JoinGroupResponse.java,7
SessionWindows.java,7
CompositeReadOnlySessionStore.java,7
TaskHandle.java,7
JoinWindows.java,7
ControlRecordType.java,7
CollectionUtilsTest.java,7
MockSinkConnector.java,7
StreamSinkNode.java,7
SchemaBuilder.java,7
TopicDescription.java,7
StringConverterTest.java,7
ScramLoginModule.java,7
KafkaFutureImpl.java,7
PipeDemo.java,7
OAuthBearerExtensionsValidatorCallback.java,7
Task.java,7
LogCaptureAppender.java,7
DescribeLogDirsResult.java,7
ClusterTest.java,7
UpdateMetadataResponse.java,7
PlaintextTransportLayer.java,7
KerberosError.java,7
MessageGeneratorTest.java,7
MemoryStatusBackingStoreTest.java,7
RoundTripWorkloadSpec.java,7
ScramMessages.java,7
SafeObjectInputStream.java,7
KStreamFlatTransform.java,7
AbstractStoreBuilder.java,7
KGroupedTable.java,7
DescribeConfigsResult.java,7
PrincipalBuilder.java,7
ConnectRestConfigurable.java,7
Sanitizer.java,7
StateManagerStub.java,7
MockKafkaLog4jAppender.java,7
SinkConnectorConfig.java,7
ConnectorReconfigurationTest.java,7
SessionWindowedDeserializer.java,7
PluginScanResult.java,7
LeaveGroupResponse.java,7
KafkaLZ4BlockOutputStream.java,7
Connector.java,7
ApiKeysTest.java,7
KStreamKTableJoinProcessor.java,7
TimeWindowTest.java,7
KerberosNameTest.java,7
CommonClientConfigs.java,7
InMemoryKeyValueLoggedStoreTest.java,7
Meter.java,7
KTableKTableLeftJoin.java,7
KTableKTableRightJoin.java,7
GroupedTableOperationRepartitionNode.java,7
ProducerMetrics.java,7
SaslAuthenticateResponse.java,7
KStreamFlatTransformValues.java,6
BasicTopology.java,6
TaskConfig.java,6
ConnectorType.java,6
PartitionAssignor.java,6
MockProcessorSupplier.java,6
LogContext.java,6
ApiVersionsTest.java,6
DescribeClusterResult.java,6
MessageUtilTest.java,6
GraphGraceSearchUtil.java,6
TaskSpec.java,6
DateTest.java,6
TimeTest.java,6
JoinWindowsTest.java,6
TestSecurityConfig.java,6
RequestHeaderTest.java,6
SourceNode.java,6
StateRestorer.java,6
MeteredWindowStoreIterator.java,6
UsePreviousTimeOnInvalidTimestampTest.java,6
MemberAssignment.java,6
DescribeConsumerGroupsResult.java,6
ConnectMetricsRegistry.java,6
DescribeGroupsRequest.java,6
KeyValueStoreBuilder.java,6
ConverterConfig.java,6
SaslExtensionsTest.java,6
QueryableStoreProvider.java,6
ConsumerRecordTest.java,6
PrintForeachAction.java,6
SegmentIterator.java,6
CompositeReadOnlyKeyValueStore.java,6
StreamSourceNode.java,6
PatternType.java,6
ValueAndTimestampSerde.java,6
KTableRepartitionMap.java,6
KafkaFuture.java,6
RequestFuture.java,6
ConsumerMetrics.java,6
MaterializedInternal.java,6
SessionStoreBuilder.java,6
OAuthBearerTokenCallbackTest.java,6
RecordCollector.java,6
TimeOrderedKeyValueBuffer.java,6
FieldSpec.java,6
SessionWindowsTest.java,6
FetcherMetricsRegistry.java,6
ByteBufferLogInputStream.java,6
KafkaClientSupplier.java,6
ByteUtils.java,6
DescribeTopicsResult.java,6
ConsumerRecord.java,6
KerberosShortNamer.java,6
StateSerdesTest.java,6
ProcessingContext.java,6
CopyOnWriteMap.java,6
VersionsTest.java,6
JoinGroupRequestTest.java,6
RecordsSend.java,6
KTableMapValues.java,6
ControlledShutdownRequest.java,6
ConnectorInfo.java,6
TimestampTest.java,6
ValueAndTimestampDeserializer.java,6
SimpleMemoryPool.java,6
ExpiringCredentialRefreshConfigTest.java,6
Connect.java,6
MockMetricsReporter.java,6
InitProducerIdResponse.java,6
Struct.java,6
JsonConverterConfig.java,6
MockSourceNode.java,6
ResponseHeader.java,6
Serializer.java,6
StateSerdes.java,6
StateTrackerTest.java,6
Produced.java,6
ProcessorTopology.java,6
HeaderConverter.java,6
MetadataUpdater.java,6
WallclockTimestampExtractorTest.java,6
Type.java,6
Authenticator.java,6
AsyncClient.java,6
MockChangelogReader.java,6
MockDeserializer.java,6
KStreamTransformValues.java,6
Requirements.java,6
KTableFilter.java,6
WindowStore.java,6
LazyDownConversionRecords.java,6
ValueAndTimestampSerializer.java,6
DecimalTest.java,6
RootResource.java,6
SecurityProtocol.java,6
ListGroupsRequest.java,6
RocksDBRangeIterator.java,6
FullChangeSerde.java,6
StringFormatter.java,6
FutureRecordMetadata.java,6
ConfigResource.java,6
Printed.java,6
JavaTest.java,6
StructSpec.java,6
WorkerState.java,6
StatusBackingStore.java,6
SessionTupleForwarder.java,6
OAuthBearerValidatorCallbackTest.java,6
OffsetBackingStore.java,6
ApiVersionsRequest.java,6
ResourceFilterTest.java,6
SystemTestUtilTest.java,6
TimestampedKeyValueStoreMaterializer.java,6
SessionCacheFlushListener.java,6
TaskState.java,6
FullTimeWindowedSerde.java,5
ScramCredentialUtils.java,5
GarbageCollectedMemoryPoolTest.java,5
OptimizableRepartitionNode.java,5
ConnectorUtilsTest.java,5
ConnectorStateInfo.java,5
NoOffsetForPartitionException.java,5
PlainLoginModule.java,5
SslPrincipalMapperTest.java,5
SerdeThatDoesntHandleNull.java,5
RecordsUtil.java,5
MetricNameTemplate.java,5
ApiMessageTypeGenerator.java,5
KStreamMap.java,5
OAuthBearerScopeUtils.java,5
ConfigProvider.java,5
NetworkClientUtils.java,5
SourceRecord.java,5
QuickUnionTest.java,5
Login.java,5
HeartbeatTest.java,5
SimpleRecord.java,5
LogTruncationException.java,5
SaslConfigsTest.java,5
SaslHandshakeRequest.java,5
LogAndSkipOnInvalidTimestampTest.java,5
TimestampRouterTest.java,5
MockTime.java,5
Consumed.java,5
CompressionTypeTest.java,5
StreamStreamJoinNode.java,5
Rate.java,5
AclBinding.java,5
WorkerStarting.java,5
TokenInformation.java,5
RequestFutureTest.java,5
ConvertingFutureCallback.java,5
Windows.java,5
ShutdownableThread.java,5
MockSerializer.java,5
SslConfigs.java,5
CreateAclsResult.java,5
ListTopicsResult.java,5
TransactionalRequestResult.java,5
AclBindingFilter.java,5
BufferSupplier.java,5
NetworkPartitionFaultController.java,5
WindowedChangelogTopicConfig.java,5
MergedSortedCacheSessionStoreIterator.java,5
KStreamBranch.java,5
DoubleConverter.java,5
TopologyTestDriverWrapper.java,5
ListConsumerGroupsResult.java,5
RecordMetadataTest.java,5
Platform.java,5
TestSinkConnector.java,5
StatefulProcessorNode.java,5
MappedByteBuffersTest.java,5
MaterializedTest.java,5
KafkaClient.java,5
TransformerSupplierAdapter.java,5
DistributedConfig.java,5
GlobalKTable.java,5
WorkerDone.java,5
ConsumedInternal.java,5
GlobalStoreNode.java,5
MergedSortedCacheWindowStoreKeyValueIterator.java,5
WorkerRunning.java,5
WorkerStopping.java,5
ApiError.java,5
TopicPartitionTest.java,5
ConnectorPluginInfo.java,5
Records.java,5
ProduceRequestResult.java,5
WindowStoreIteratorWrapper.java,5
StreamsMetrics.java,5
Histogram.java,5
StringConverterConfig.java,5
AbstractRecords.java,5
ShutdownableThreadTest.java,5
MessageDataGenerator.java,5
FailOnInvalidTimestamp.java,5
MergedSortedCacheWindowStoreIterator.java,5
StoreChangeLogger.java,5
NoOpTaskWorker.java,5
ConnectRestExtension.java,5
TaskId.java,5
UnwindowedChangelogTopicConfig.java,5
LogAndContinueExceptionHandler.java,5
DefaultPrincipalBuilder.java,5
BasicAuthSecurityRestExtension.java,5
ApiVersions.java,5
ErrorLoggingCallback.java,5
LogReporter.java,5
FloatConverter.java,5
OffsetAndMetadataTest.java,5
LogAndFailExceptionHandler.java,5
TasksResponse.java,5
NoOpWindowStore.java,5
RepartitionTopicConfig.java,5
ListConsumerGroupOffsetsResult.java,5
NoOpReadOnlyStore.java,5
WrappingStoreProvider.java,5
SinkNode.java,5
TaskMetadata.java,5
CreateTopicPolicy.java,5
ScramExtensions.java,5
RecordHeader.java,5
MockProcessorNode.java,5
SegmentedBytesStore.java,5
SaslAuthenticateRequest.java,5
KStreamFlatMap.java,5
LongConverter.java,5
SegmentedCacheFunctionTest.java,5
MessageSpec.java,5
DescribeAclsResult.java,5
SampleTaskSpec.java,5
RegexRouterTest.java,5
KStreamJoinWindow.java,5
StreamsMetadata.java,5
Suppressed.java,5
TestFuture.java,5
Crc32C.java,5
LeaveGroupRequest.java,5
ShortConverter.java,5
WorkerReceiving.java,5
WindowStoreBuilder.java,5
ByteBufferOutputStreamTest.java,5
SinkTask.java,5
TableTest.java,5
ConnectRecord.java,5
IntegerConverter.java,5
TestSourceConnector.java,5
SinkRecord.java,4
TimerTest.java,4
ThrottleTest.java,4
MockRestoreCallback.java,4
ProducerRecordTest.java,4
DelegatingPeekingKeyValueIterator.java,4
WrappedStateStore.java,4
MockBatchingStateRestoreListener.java,4
AlterConfigPolicy.java,4
AlterReplicaLogDirsResult.java,4
TaskDone.java,4
KerberosRule.java,4
MockKeyValueStoreBuilder.java,4
AbstractMergedSortedCacheStoreIterator.java,4
KeyValueSegment.java,4
TaskStopping.java,4
OutputVerifier.java,4
CreateConnectorRequest.java,4
OAuthBearerValidationUtils.java,4
ChangedSerializer.java,4
EntityTypeTest.java,4
JsonDeserializer.java,4
UUIDSerializer.java,4
KStreamGlobalKTableJoin.java,4
ConnectorTypeTest.java,4
ErrorResponse.java,4
ByteArrayProducerRecordEquals.java,4
ConverterType.java,4
CreateDelegationTokenOptions.java,4
ScramMechanism.java,4
RecordBatchingStateRestoreCallback.java,4
TableProcessorNode.java,4
TaskInfo.java,4
OAuthBearerSaslClientProvider.java,4
ConnectHeader.java,4
ChangeLoggingTimestampedKeyValueBytesStore.java,4
SystemScheduler.java,4
ProcessorTopologyFactories.java,4
KeyValueIterators.java,4
Topology.java,4
WrappedSessionStoreIterator.java,4
OffsetAndMetadata.java,4
DeleteTopicsResult.java,4
RecordMetadata.java,4
BufferSupplierTest.java,4
Topic.java,4
PluginClassLoader.java,4
Transformation.java,4
ProducerRecord.java,4
TaskPending.java,4
MockMapper.java,4
TopicPartitionInfo.java,4
Segment.java,4
StreamsEosTest.java,4
KStreamFlatMapValues.java,4
ToolsUtils.java,4
DeleteConsumerGroupsResult.java,4
NoOpTaskController.java,4
SequentialPayloadGenerator.java,4
CompositeKeyValueIterator.java,4
DescribeDelegationTokenResult.java,4
SuppressedInternal.java,4
DelegationToken.java,4
ConfigInfos.java,4
RocksDBConfigSetter.java,4
KStreamMapValues.java,4
ConfigEntry.java,4
ReadOnlyKeyValueStoreFacade.java,4
DefaultStreamPartitioner.java,4
KStreamPrint.java,4
ConnectorTaskId.java,4
AuthenticateCallbackHandler.java,4
LogAndSkipOnInvalidTimestamp.java,4
OAuthBearerSaslServerProvider.java,4
CreateTopicsResult.java,4
Serdes.java,4
WindowedStreamPartitioner.java,4
InternalProcessorContext.java,4
RocksDBSessionStore.java,4
ChannelBuilder.java,4
StreamsGraphNode.java,4
AlterConfigsResult.java,4
ClusterResourceListeners.java,4
ThreadMetadata.java,4
ContextualRecord.java,4
KStreamKTableJoin.java,4
PartitionGrouper.java,4
Selectable.java,4
TaskRunning.java,4
TopologyDescription.java,4
DeleteRecordsResult.java,4
SampledStat.java,4
FinalResultsSuppressionBuilder.java,4
GlobalStateMaintainer.java,4
KStreamFilter.java,4
JaasUtils.java,4
ImplicitLinkedHashMultiCollection.java,4
TimestampedSegment.java,4
KStreamPeek.java,4
ChecksumsTest.java,4
ConfigKeyInfo.java,4
UUIDDeserializer.java,4
WorkerSourceTaskContext.java,4
ClientQuotaCallback.java,4
ConfigValueInfo.java,4
MockPartitioner.java,4
JsonSerializer.java,4
PunctuationQueue.java,4
OffsetUtils.java,4
StateStoreProvider.java,4
ChangeLoggingTimestampedWindowBytesStore.java,4
HostInfo.java,4
ClientResponse.java,4
ProcessorRecordContextTest.java,4
OAuthBearerScopeUtilsTest.java,4
ResourcePatternTest.java,4
ByteBufferSend.java,4
TimestampExtractorTest.java,4
NamedTest.java,4
ConfigInfo.java,3
SingletonNoOpValueTransformer.java,3
KeyValueIteratorStub.java,3
MetricConfig.java,3
DoubleConverterTest.java,3
InMemorySessionBytesStoreSupplier.java,3
NoOpConsumerRebalanceListener.java,3
BrokerSecurityConfigs.java,3
AbstractControlRequest.java,3
KTableSourceValueGetterSupplier.java,3
RocksDbSessionBytesStoreSupplier.java,3
ExpiringCredentialRefreshConfig.java,3
JsonSchema.java,3
FetchMetadata.java,3
LRUCacheTest.java,3
Reconfigurable.java,3
NumberConverterConfig.java,3
ProtoUtilsTest.java,3
FailOnInvalidTimestampTest.java,3
OAuthBearerTokenCallback.java,3
DelegatingClassLoaderTest.java,3
StreamTableJoinNode.java,3
SessionStore.java,3
KeyValueIteratorFacade.java,3
KafkaStreamsWrapper.java,3
Partitioner.java,3
SchemaUtil.java,3
Receive.java,3
BulkLoadingStore.java,3
KafkaPrincipal.java,3
IntegerConverterTest.java,3
SourceTask.java,3
ConnectRestExtensionContextImpl.java,3
NamedInternal.java,3
MergedSortedCacheKeyValueBytesStoreIterator.java,3
WindowStoreIterator.java,3
PlainSaslServerProvider.java,3
SecurityUtilsTest.java,3
ProcessStopFaultController.java,3
InMemoryWindowBytesStoreSupplier.java,3
WindowTest.java,3
TimeIntervalTransactionsGenerator.java,3
DescribeDelegationTokenOptions.java,3
FieldTest.java,3
KTableMaterializedValueGetterSupplier.java,3
SimpleConfig.java,3
ControlRecordTypeTest.java,3
StringExpander.java,3
PlaintextSender.java,3
KiboshFaultController.java,3
Date.java,3
FloatConverterTest.java,3
FilteredCacheIterator.java,3
RegexValidator.java,3
ByteBufferChannel.java,3
AgentStatusResponse.java,3
Node.java,3
KeyValueStore.java,3
OffsetOutOfRangeException.java,3
CreateDelegationTokenResult.java,3
TimestampedTupleForwarder.java,3
Schema.java,3
TimestampExtractor.java,3
ScramExtensionsCallback.java,3
ScramSaslServerProvider.java,3
Scheduler.java,3
KStreamPassThrough.java,3
NonEmptyListValidatorTest.java,3
Crc32Test.java,3
CreateTaskRequest.java,3
ChangedDeserializer.java,3
EpochEndOffset.java,3
PluginDesc.java,3
ListenerName.java,3
CreateWorkerRequest.java,3
AclPermissionType.java,3
InterfaceStability.java,3
TimeIntervalTransactionsGeneratorTest.java,3
ClientState.java,3
RecordBatchIterator.java,3
SegmentedCacheFunction.java,3
StrictBufferConfigImpl.java,3
KerberosRuleTest.java,3
SaslExtensions.java,3
InternalTopicConfig.java,3
KafkaMetric.java,3
LRUCacheEntry.java,3
Deserializer.java,3
ScramSaslClientProvider.java,3
ChangelogReader.java,3
ListConsumerGroupOffsetsOptions.java,3
CodeBuffer.java,3
RecordBatch.java,3
EndTransactionMarkerTest.java,3
ResourceType.java,3
IncompleteBatches.java,3
ClientRequest.java,3
AclOperation.java,3
SessionWindowTest.java,3
ServerInfo.java,3
NewPartitions.java,3
ConsumerInterceptor.java,3
StandaloneConfig.java,3
ConfigValue.java,3
RocksDbKeyValueBytesStoreSupplier.java,3
NonEmptyListValidator.java,3
ApiUtils.java,3
KTableKTableAbstractJoinValueGetterSupplier.java,3
KeyValueTest.java,3
StringSerializer.java,3
DeserializationExceptionHandler.java,3
JsonTimestampExtractor.java,3
KeyValueIterator.java,3
SchemaGenerator.java,3
SourceConnectorConfig.java,3
ReadOnlyWindowStore.java,3
BaseRepartitionNode.java,3
UsePreviousTimeOnInvalidTimestamp.java,3
CreatePartitionsResult.java,3
Crc32CTest.java,3
UniformRandomPayloadGenerator.java,3
SystemTestUtil.java,3
Converter.java,3
MockClusterResourceListener.java,3
WindowsTest.java,3
OffsetCommitCallback.java,3
ProducedInternal.java,3
Decimal.java,3
ErrorMessage.java,3
MockPartitionAssignor.java,3
Table.java,3
OAuthBearerValidatorCallback.java,3
Time.java,3
LongConverterTest.java,3
SinkTaskContext.java,3
Bytes.java,3
StringDeserializer.java,3
RocksDbWindowBytesStoreSupplier.java,3
ConfigResourceTest.java,3
MemberDescription.java,3
TaskStateType.java,3
SaslConfigs.java,3
InvalidOffsetException.java,3
ResourcePatternFilter.java,3
KeyValueToTimestampedKeyValueIteratorAdapter.java,3
ShortConverterTest.java,3
QueryableStoreType.java,3
GlobalStateManager.java,2
CommonFields.java,2
SourceTaskContext.java,2
ProcessorNodePunctuator.java,2
OrderedBytes.java,2
Heartbeat.java,2
AccessControlEntry.java,2
PeekingKeyValueIterator.java,2
Resource.java,2
Named.java,2
Checksums.java,2
JoinedInternal.java,2
TimeDefinitions.java,2
Value.java,2
TimeWindow.java,2
FixedOrderMap.java,2
TopicAuthorizationException.java,2
QuotaViolationException.java,2
FakeMetricsReporter.java,2
ConverterTypeTest.java,2
ThreadedTest.java,2
UniformTransactionsGenerator.java,2
ConnectRestException.java,2
AclPermissionTypeTest.java,2
ArrayOf.java,2
StateTracker.java,2
CompressionRatioEstimator.java,2
MockStreamsMetrics.java,2
ConnectorUtils.java,2
KafkaThread.java,2
MetricName.java,2
CreatePartitionsOptions.java,2
ExtractRecordMetadataTimestamp.java,2
QuietStreamsConfig.java,2
SampleTaskController.java,2
CreateTopicsOptions.java,2
Total.java,2
InvalidTopicException.java,2
StopTaskRequest.java,2
MessageUtil.java,2
TransactionGenerator.java,2
EagerBufferConfigImpl.java,2
PartitionInfoTest.java,2
HasNextCondition.java,2
PrintedInternal.java,2
TaskController.java,2
TaskMigratedException.java,2
TopicPartitionReplica.java,2
ConnectRestExtensionContext.java,2
Record.java,2
SaslAuthenticationContext.java,2
Segments.java,2
WorkerRebalanceListener.java,2
ProducerIdAndEpoch.java,2
DescribeConsumerGroupsOptions.java,2
QuickUnion.java,2
Empty.java,2
ValueAndTimestamp.java,2
ThreadUtils.java,2
DescribeReplicaLogDirsOptions.java,2
ByteBufferOutputStream.java,2
MockTimestampExtractor.java,2
DeleteRecordsOptions.java,2
RecordTooLargeException.java,2
SslAuthenticationContext.java,2
Window.java,2
Crc32.java,2
WallclockTimestampExtractor.java,2
ConfigData.java,2
DestroyTaskRequest.java,2
Sum.java,2
RecordConverters.java,2
TimestampedBytesStore.java,2
NamedInternalTest.java,2
ExtendedSerializer.java,2
NoOpTaskSpec.java,2
DefaultProductionExceptionHandler.java,2
PunctuationSchedule.java,2
DescribeLogDirsOptions.java,2
CircularIterator.java,2
DefaultRecordsSend.java,2
StreamPartitioner.java,2
ConnectClusterState.java,2
AgentWorkerStatusTracker.java,2
OAuthBearerIllegalTokenException.java,2
AlwaysContinueProductionExceptionHandler.java,2
ConnectorHealth.java,2
CumulativeCount.java,2
CloseableIterator.java,2
Message.java,2
Count.java,2
AlterConfigsOptions.java,2
DescribeTopicsOptions.java,2
ResourceFilter.java,2
Max.java,2
AbstractIterator.java,2
PayloadGenerator.java,2
LRUCache.java,2
SaslExtensionsCallback.java,2
ExpireDelegationTokenResult.java,2
RenewDelegationTokenResult.java,2
Avg.java,2
AclOperationTest.java,2
BatchingStateRestoreCallback.java,2
BufferConfigInternal.java,2
OffsetAndTimestamp.java,2
DeleteConsumerGroupsOptions.java,2
Min.java,2
TaskWorker.java,2
ConfigTransformerResult.java,2
WindowedSerdes.java,2
CompoundStat.java,2
ConsumerRebalanceListener.java,2
DeleteTopicsOptions.java,2
Checkpointable.java,2
UnlimitedWindowTest.java,2
TopologyWrapper.java,2
TaskRequest.java,2
SimpleMemoryRecordsTest.java,2
MockTimeTest.java,2
ByteBufferInputStream.java,2
StopWorkerRequest.java,2
GroupedInternal.java,2
StateStoreNode.java,2
OffsetStorageReader.java,2
RuntimeHandles.java,2
AlterReplicaLogDirsOptions.java,2
DeleteAclsOptions.java,2
CreateAclsOptions.java,2
HistogramTest.java,2
WindowedSerializer.java,2
StaticTopicNameExtractor.java,2
ProductionExceptionHandler.java,2
Serde.java,2
DescribeAclsOptions.java,2
DestroyWorkerRequest.java,2
CoordinatorStatusResponse.java,2
CoordinatorShutdownRequest.java,2
ElectPreferredLeadersOptions.java,2
AccessControlEntryFilter.java,2
DescribeConfigsOptions.java,2
ExtendedDeserializer.java,2
KerberosName.java,2
RecordsToDelete.java,2
AbstractRequestResponse.java,2
UnlimitedWindow.java,2
UptimeResponse.java,2
OutputVerifierTest.java,2
ResourceTypeTest.java,2
SystemTime.java,2
FakeSchema.java,2
StoreBuilder.java,2
StampedRecord.java,2
Send.java,2
OAuthBearerToken.java,2
Processor.java,2
TopicPartition.java,2
ResourcePattern.java,2
ConstantPayloadGenerator.java,2
MetricsReporter.java,2
KafkaPrincipalTest.java,2
MockReducer.java,1
CredentialCache.java,1
UnsupportedVersionException.java,1
StaleMetadataException.java,1
ToleranceType.java,1
Config.java,1
CommitFailedException.java,1
ScramCredentialCallback.java,1
ExpireDelegationTokenOptions.java,1
ListConsumerGroupsOptions.java,1
TimestampedSegments.java,1
AssignedStandbyTasks.java,1
Timestamp.java,1
RenewDelegationTokenOptions.java,1
WakeupException.java,1
ProducerInterceptor.java,1
OAuthBearerValidationResult.java,1
SchemaException.java,1
MockPredicate.java,1
StreamsException.java,1
KeyValueBytesStoreSupplier.java,1
DeletedRecords.java,1
GlobalKTableImpl.java,1
SourceConnector.java,1
Writable.java,1
KStreamAggProcessorSupplier.java,1
ReadOnlyKeyValueStore.java,1
DescribeClusterOptions.java,1
LoggingSignalHandlerTest.java,1
TransportLayers.java,1
KTableProcessorSupplier.java,1
PunctuationType.java,1
ProcessorParameters.java,1
BytesSerializer.java,1
SimpleRate.java,1
ClientDnsLookup.java,1
KeyValueMapper.java,1
BasePartitionState.java,1
TopicNameExtractor.java,1
CacheFunction.java,1
Stamped.java,1
BadFormatString.java,1
UngracefulShutdownException.java,1
SessionWindow.java,1
RetriableCommitFailedException.java,1
MockValueJoiner.java,1
TimestampType.java,1
BytesDeserializer.java,1
ConsumerGroupState.java,1
ProcessorSupplier.java,1
InterruptException.java,1
SerializedInternal.java,1
ConfigException.java,1
BufferExhaustedException.java,1
SecurityUtils.java,1
MockInitializer.java,1
InMemoryTimeOrderedKeyValueBufferTest.java,1
StateStore.java,1
HerderConnectorContext.java,1
LogInputStream.java,1
OperatingSystem.java,1
TaskStatus.java,1
AbstractStatus.java,1
ByteBufferDeserializer.java,1
KeyValueTimestamp.java,1
NamedSuppressed.java,1
ToInternal.java,1
ChannelState.java,1
BaseJoinProcessorNode.java,1
AccessControlEntryData.java,1
RebalanceNeededException.java,1
KeyValue.java,1
ReauthenticationContext.java,1
TimestampedWindowStore.java,1
NoMatchingRule.java,1
TestProvider.java,1
SchemaAndValue.java,1
ApiException.java,1
DelayedResponseAuthenticationException.java,1
StateRestoreCallback.java,1
MessageSpecType.java,1
DelayedReceive.java,1
RocksDBTimestampedWindowStore.java,1
ClientQuotaEntity.java,1
FatalExitError.java,1
ListTopicsOptions.java,1
EntityType.java,1
SessionBytesStoreSupplier.java,1
PayloadIterator.java,1
Percentile.java,1
DoubleDeserializer.java,1
ConnectException.java,1
To.java,1
NullPayloadGenerator.java,1
Reducer.java,1
NoAvailableBrokersException.java,1
ReadOnlySessionStore.java,1
Predicate.java,1
SslAuthenticationException.java,1
NextIteratorFunction.java,1
RecordContext.java,1
ListenerReconfigurable.java,1
OAuthBearerTokenMock.java,1
Frequency.java,1
AbstractNotifyingBatchingRestoreCallback.java,1
PlaintextAuthenticationContext.java,1
Cancellable.java,1
Change.java,1
SerializationException.java,1
ClusterResource.java,1
WindowBytesStoreSupplier.java,1
KTableValueGetter.java,1
SinkConnector.java,1
BadRequestException.java,1
InvalidRecordException.java,1
ConnectClusterDetailsImpl.java,1
NetworkSend.java,1
OAuthBearerConfigException.java,1
Java.java,1
Serialized.java,1
Throttle.java,1
Punctuator.java,1
StateRestoreListener.java,1
ByteBufferSerializer.java,1
SampleMetrics.java,1
FieldType.java,1
Field.java,1
ShortDeserializer.java,1
MockAggregator.java,1
MutableRecordBatch.java,1
WorkerStatusTracker.java,1
RecordConverter.java,1
ProcessorGraphNode.java,1
FloatDeserializer.java,1
Joined.java,1
ByteBufferAccessor.java,1
KeyValueSegments.java,1
IntegerDeserializer.java,1
AuthenticationException.java,1
AbstractNotifyingRestoreCallback.java,1
KTableKTableAbstractJoin.java,1
Readable.java,1
Versions.java,1
PureJavaCrc32C.java,1
SaslAuthenticationException.java,1
StoreSupplier.java,1
MemoryPool.java,1
HeaderGenerator.java,1
Operation.java,1
DelegationTokenCredentialCallback.java,1
RestoringTasks.java,1
RocksDBSegmentedBytesStoreTest.java,1
SaslInternalConfigs.java,1
LongDeserializer.java,1
Configurable.java,1
PlainAuthenticateCallback.java,1
ConfigChangeCallback.java,1
Grouped.java,1
RocksDBTimestampedSegmentedBytesStoreTest.java,1
InvalidReceiveException.java,1
AuthenticationContext.java,1
Header.java,1
RequestTargetException.java,1