java.util.List	279
java.util.ArrayList	160
org.dxworks.dx.entities.Project	115
java.util.stream.Collectors	105
org.dxworks.dx.entities.code.SourceFile	96
java.util.HashMap	75
org.dxworks.utils.Value	70
lombok.*	68
org.dxworks.dx.config.Initializer	56
java.io.IOException	53
java.util.HashSet	51
java.util.regex.Pattern	49
java.util.Map	47
org.dxworks.dx.entities.code.groups.SourceFiles	44
java.util.Set	44
org.dxworks.dx.entities.team.Author	43
java.util.Arrays	39
org.springframework.beans.factory.annotation.Autowired	39
org.dxworks.dx.activity.Commit	39
org.dxworks.dx.analysis.relations.nodes.CouplingNode	38
java.io.PrintWriter	36
org.dxworks.dx.activity.groups.Changes	35
lombok.extern.slf4j.Slf4j	32
org.springframework.stereotype.Service	30
lombok.Data	30
java.io.File	30
org.dxworks.dx.time.Moment	29
org.dxworks.groups.Group	28
org.dxworks.dx.entities.team.groups.Authors	27
org.dxworks.dx.activity.groups.Commits	27
java.util.*	26
org.dxworks.dxplatform.model.jpa.ProjectJpaEntity	23
org.dxworks.dx.entities.tags.Tag	23
org.dxworks.utils.DxLog	23
java.nio.file.Paths	21
java.io.FileNotFoundException	21
org.dxworks.dx.entities.code.Component	20
org.dxworks.dx.analysis.relations.connectors.Connection	20
org.dxworks.dx.time.Period	19
org.dxworks.dx.analysis.anomalies.Anomaly	19
java.util.Collections	19
org.dxworks.dx.activity.Change	17
org.dxworks.dxplatform.api.configuration.fields.AbstractConfigurationField	17
org.dxworks.dx.entities.code.Language	16
org.junit.Test	16
java.util.regex.Matcher	16
org.dxworks.dxplatform.api.configuration.fields.ConfigurationFieldTypeConstants	15
org.dxworks.utils.Statistics	15
org.dxworks.utils.json.ChronosImportJson	14
org.dxworks.dx.config.StrengthClusterConfig	14
javax.persistence.*	14
org.junit.Assert.assertEquals	14
org.dxworks.dx.entities.code.groups.Components	14
org.dxworks.dxplatform.dtos.AuthorID	14
org.springframework.data.repository.CrudRepository	14
org.dxworks.dx.analysis.relations.nodes.FileNode	14
org.junit.Before	13
org.dxworks.dxplatform.model.entities.BaseEntity	13
java.time.ZonedDateTime	13
java.util.Date	13
org.dxworks.dxplatform.dtos.QueryResultDTO	13
org.dxworks.dxplatform.enums.TagType	13
org.dxworks.dx.entities.code.Folder	12
java.nio.charset.StandardCharsets	12
org.dxworks.dxplatform.repositories.jpa.ProjectJpaRepository	12
org.dxworks.dx.entities.tasks.Task	12
java.util.Comparator	12
org.springframework.web.bind.annotation.*	11
org.dxworks.dx.analysis.relations.nodes.AuthorNode	11
java.nio.file.Files	11
lombok.NoArgsConstructor	11
org.junit.BeforeClass	11
org.dxworks.dx.entities.code.groups.Tasks	11
org.dxworks.utils.famix.blocks.FamixBlock	11
org.dxworks.famix.blocks.FamixBlock	10
org.dxworks.dx.time.TimeFrame	10
org.dxworks.dx.activity.AuthorContribution	10
com.google.gson.Gson	10
org.dxworks.dxplatform.api.exceptions.ConfigurationFieldInvalidException	9
org.dxworks.dx.entities.team.groups.Contributors	9
org.dxworks.dx.analysis.AllCoupling	9
org.dxworks.dxplatform.model.jpa.TagJpaEntity	9
org.dxworks.dx.time.Gantts	9
org.dxworks.dx.config.Threshold	9
org.dxworks.dx.entities.tasks.TaskPrefix	8
org.dxworks.dx.analysis.relations.connectors.CouplingType	8
org.dxworks.dxplatform.enums.UpdateType	8
org.springframework.web.bind.annotation.RestController	8
org.dxworks.dx.entities.tasks.TasksConfiguration	7
org.dxworks.dx.parsers.git.CommitBlock	7
java.time.format.DateTimeFormatter	7
org.dxworks.dxplatform.services.querydsl.SearchService	7
org.dxworks.utils.famix.patterns.TypePattern	7
org.dxworks.dx.time.Year	7
org.dxworks.dxconfig.dissolver.repos.DissolvedComponentsRepository	7
org.springframework.web.bind.annotation.RequestMapping	7
org.dxworks.dx.time.groups.TimeFrames	7
org.dxworks.dx.analysis.relations.nodes.ComponentNode	6
org.dxworks.dx.analysis.relations.FileRelationsExtractor	6
org.dxworks.dx.activity.ActivityStatus	6
org.dxworks.dxplatform.dtos.*	6
org.dxworks.dxplatform.api.configuration.fields.ExternalConfiguration	6
org.dxworks.dxplatform.dtos.QueryDTO	6
org.dxworks.dxplatform.dtos.AuthorMerge	6
org.springframework.transaction.annotation.Transactional	6
org.dxworks.dxplatform.model.jpa.relationship.TagThresholdsForProject	6
java.io.Serializable	5
org.dxworks.dx.entities.tasks.Message	5
org.dxworks.dxplatform.model.jpa.TagValueForFileInProject	5
org.dxworks.dx.analysis.relations.AuthorRelationsExtractor	5
org.dxworks.dx.project.groups.FilesRegistry	5
org.dxworks.dx.project.groups.ComponentsConfiguration	5
org.dxworks.dx.analysis.relations.connectors.GenericConnection	5
org.dxworks.utils.famix.blocks.MethodBlock	5
org.dxworks.dx.time.TimeConnectedCommitPair	5
org.dxworks.dx.entities.code.CodeEntity	5
org.dxworks.dx.analysis.relations.Relations	5
org.dxworks.utils.famix.blocks.AnnotationInstanceBlock	5
org.springframework.web.multipart.MultipartFile	5
java.io.InputStream	5
java.nio.charset.MalformedInputException	5
java.time.ZoneId	5
java.util.stream.Stream	5
org.dxworks.dx.project.groups.TimeframesConfiguration	5
org.dxworks.dx.analysis.relations.nodes.GenericNode	5
org.dxworks.dxconfig.DxConfig	5
org.dxworks.dx.config.FileFilters	5
org.dxworks.dxplatform.services.ExternalAnalysisService	5
org.dxworks.dxplatform.api.configuration.fields.ConfigurationFieldWithOptions	5
lombok.AllArgsConstructor	5
org.dxworks.famix.patterns.TypePattern	4
org.dxworks.dx.time.groups.TimeZones	4
org.dxworks.dxplatform.model.jpa.FileExtensionJpaEntity	4
org.dxworks.utils.famix.blocks.ClassBlock	4
org.dxworks.utils.famix.patterns.MethodPattern	4
java.util.Objects	4
org.dxworks.dx.entities.tags.groups.Tags	4
java.util.function.Function	4
java.io.PrintStream	4
org.dxworks.famix.blocks.MethodBlock	4
org.dxworks.dxplatform.api.Configurable	4
org.dxworks.dxplatform.api.configuration.Description	4
org.dxworks.dxplatform.utils.Results	4
org.dxworks.dx.time.Quarter	4
org.dxworks.utils.famix.FamixParser	4
org.dxworks.dx.entities.tags.TagValue	4
org.dxworks.dxplatform.dtos.ConfigurationDTO	4
javax.annotation.PostConstruct	4
org.dxworks.dxplatform.services.BeanUtil	4
org.dxworks.dx.analysis.AllDuplication	4
org.dxworks.dx.analysis.relations.graph.DependencyGraph	4
org.dxworks.utils.famix.blocks.VariableBlock	4
org.dxworks.dxplatform.enums.QueryType	4
org.dxworks.dxplatform.api.ExternalAnalyzer	4
org.dxworks.dx.analysis.relations.ComponentRelationsExtractor	4
org.dxworks.dxplatform.services.TagService	4
org.dxworks.famix.FamixParser	4
org.dxworks.dxplatform.model.jpa.QueryEntity	4
org.dxworks.dx.time.groups.PeriodsGroup	4
org.dxworks.dxplatform.services.ProjectService	4
org.dxworks.utils.famix.patterns.ReferencesPattern	4
org.dxworks.dxplatform.model.jpa.configuration.AuthorAliasEntity	4
org.dxworks.dx.time.Month	4
org.dxworks.dxplatform.dtos.TechnologyDTO	4
java.io.FileReader	4
org.dxworks.utils.famix.blocks.AttributeBlock	4
org.dxworks.dxplatform.services.PropertyService	4
org.dxworks.dxplatform.model.jpa.TechnologyJpaEntity	4
lombok.EqualsAndHashCode	4
org.dxworks.dxplatform.model.jpa.relationship.ProjectQueryEntity	4
java.io.FileWriter	4
org.dxworks.dx.project.groups.TagsRegistry	4
org.apache.commons.lang3.StringUtils	3
java.nio.file.Path	3
org.dxworks.dx.parsers.git.GitParser	3
org.dxworks.dxplatform.services.FileService	3
com.google.gson.JsonParser	3
org.dxworks.famix.blocks.VariableBlock	3
org.dxworks.dxplatform.repositories.jpa.TagValueForFileRepository	3
org.dxworks.utils.famix.patterns.StringListPattern	3
com.google.gson.JsonObject	3
java.nio.file.NoSuchFileException	3
org.dxworks.dxplatform.dtos.ComponentColorDTO	3
org.dxworks.dx.entities.code.groups.Languages	3
org.dxworks.dxplatform.services.ConfigurationFieldValidationService	3
org.dxworks.dxplatform.dtos.TagDetailsDTO	3
org.dxworks.dxplatform.dtos.FileMatchesDTO	3
org.springframework.web.bind.annotation.RequestParam	3
org.dxworks.groups.ElementsPerScope	3
com.google.gson.JsonArray	3
org.dxworks.famix.blocks.ClassBlock	3
org.dxworks.dxplatform.services.ConfigurationService	3
org.dxworks.dxplatform.dtos.DeveloperDTO	3
java.time.temporal.ChronoUnit	3
org.dxworks.dxplatform.services.QueryService	3
org.dxworks.dx.project.groups.AllLanguages	3
org.dxworks.dx.analysis.qualitymodel.QualityModel	3
org.dxworks.famix.patterns.MethodPattern	3
org.dxworks.dxplatform.services.ComponentColorService	3
org.dxworks.dx.activity.groups.Activity	3
org.springframework.context.annotation.Configuration	3
org.dxworks.dxplatform.services.FileExtensionService	3
org.springframework.web.bind.annotation.GetMapping	3
org.dxworks.dxplatform.dtos.CommitDTO	3
org.dxworks.dxplatform.services.DeveloperService	3
java.util.concurrent.TimeUnit	3
org.dxworks.famix.blocks.AnnotationInstanceBlock	3
org.dxworks.utils.famix.patterns.BooleanPattern	3
org.dxworks.dx.entities.tags.groups.TagValues	3
org.dxworks.dxplatform.api.configuration.fields.ConfigurationFieldOption	3
org.dxworks.utils.famix.patterns.StringPattern	3
org.dxworks.dxplatform.services.TechnologyService	3
java.time.Duration	3
org.dxworks.dx.analysis.relations.nodes.IValueNode	3
org.eclipse.jgit.api.errors.GitAPIException	3
org.dxworks.dx.analysis.relations.connectors.TaskPrefixConnection	3
org.dxworks.utils.StringUtils	3
org.dxworks.utils.famix.metamodel.SourceFile	3
org.dxworks.dx.config.SharedTaskPrefixesThresholds	3
org.dxworks.dxplatform.services.querydsl.generated.DxQueryDslParser	3
org.dxworks.dxplatform.repositories.jpa.TagJpaEntityRepository	3
java.util.Collection	3
java.io.*	3
org.dxworks.dx.time.groups.Quarters	3
org.dxworks.dxplatform.dtos.ProjectDetailsDTO	3
org.antlr.v4.runtime.*	3
org.dxworks.famix.blocks.AttributeBlock	3
org.dxworks.utils.famix.blocks.AnnotationTypeBlock	3
org.dxworks.dx.DxMain	3
org.dxworks.dxplatform.services.querydsl.generated.DxQueryDslLexer	3
org.dxworks.dxplatform.model.jpa.configuration.ComponentColorEntity	3
org.apache.maven.model.Model	3
org.apache.maven.model.Dependency	3
org.antlr.v4.runtime.tree.ParseTree	3
org.dxworks.dxplatform.repositories.jpa.TagThresholdsRepository	3
org.dxworks.famix.metamodel.SourceFile	3
org.dxworks.dx.analysis.relations.connectors.CouplingConnection	3
org.dxworks.dx.entities.tags.*	3
org.antlr.v4.runtime.Lexer	3
org.springframework.web.bind.annotation.RequestMethod	3
org.dxworks.dxplatform.dtos.PeriodDTO	3
org.dxworks.dxplatform.services.impl.ProjectsManager	3
org.dxworks.famix.patterns.*	3
com.fasterxml.jackson.databind.ObjectMapper	3
org.dxworks.utils.famix.patterns.FileAnchorPattern	3
org.dxworks.dxplatform.services.RunConfigurationService	2
org.dxworks.dxplatform.dtos.GanttChartDTO	2
org.dxworks.dxplatform.dtos.TimeFrameDTO	2
java.time.LocalDateTime	2
javax.persistence.Table	2
org.apache.commons.io.FileUtils	2
org.dxworks.dxplatform.gitclient.GitClient	2
org.antlr.v4.runtime.Parser	2
org.antlr.v4.runtime.tree.ParseTreeListener	2
org.springframework.web.servlet.mvc.method.annotation.SseEmitter	2
org.antlr.v4.runtime.TokenStream	2
org.apache.commons.lang.Validate.notNull	2
org.springframework.data.jpa.domain.support.AuditingEntityListener	2
org.dxworks.dxplatform.dtos.TagValueForFileDTO	2
org.dxworks.dxplatform.integration.DxGanttChartPeriods	2
org.dxworks.dxplatform.services.PeriodService	2
org.dxworks.dx.config.SharedTasksThresholds	2
org.dxworks.dxplatform.utils.BasicAuthenticationDTO	2
java.util.OptionalDouble	2
org.dxworks.utils.famix.metamodel.Method	2
org.antlr.v4.runtime.atn.ATNDeserializer	2
org.dxworks.famix.metamodel.Method	2
java.text.DecimalFormat	2
org.dxworks.dxplatform.model.jpa.IgnoredFileJpaEntity	2
org.springframework.web.servlet.config.annotation.ResourceHandlerRegistry	2
java.util.function.Consumer	2
org.dxworks.dxplatform.services.querydsl.autosuggest.LexerAndParserFactory	2
org.dxworks.dxplatform.dtos.IgnoredFileDTO	2
org.antlr.v4.runtime.CharStreams	2
org.dxworks.dx.time.groups.Months	2
org.dxworks.dxplatform.dtos.AnalyzerDTO	2
org.dxworks.utils.famix.patterns.NumberPattern	2
org.antlr.v4.runtime.tree.TerminalNode	2
org.dxworks.dx.entities.code.groups.*	2
org.dxworks.famix.metamodel.AnnotationType	2
org.dxworks.dxplatform.utils.JsonUtils	2
java.nio.file.StandardCopyOption	2
org.antlr.v4.runtime.CharStream	2
org.dxworks.dx.analysis.anomalies.team.Orphan	2
org.dxworks.dxplatform.services.querydsl.autosuggest.ReflectionLexerAndParserFactory	2
org.dxworks.dxplatform.services.ComponentService	2
org.dxworks.dxplatform.utils.ConfigurationUtils	2
java.io.BufferedReader	2
org.antlr.v4.runtime.dfa.DFA	2
org.dxworks.dxplatform.dtos.ComponentDTO	2
com.fasterxml.jackson.core.type.TypeReference	2
org.dxworks.dx.analysis.relations.team.*	2
org.dxworks.dxconfig.dissolver.PathFragment	2
org.dxworks.dxconfig.manipulators.regenerate.GitModel	2
org.dxworks.dx.analysis.relations.connectors.TaskConnection	2
org.dxworks.dxconfig.dissolver.DissolvedFolder	2
org.dxworks.utils.famix.blocks.NamespaceBlock	2
org.dxworks.dx.analysis.relations.code.ComponentRelations	2
org.dxworks.dxplatform.api.configuration.fields.concrete.SimpleSwitchConfigurationField	2
org.dxworks.dxplatform.services.querydsl.model.*	2
org.dxworks.utils.famix.patterns.VariablePattern	2
org.dxworks.dxplatform.dtos.CherryPickedDTO	2
org.dxworks.dx.time.ElementsPerPeriod	2
java.net.HttpURLConnection	2
com.fasterxml.jackson.annotation.JsonProperty	2
org.dxworks.utils.json.FolderTreemapNode	2
org.dxworks.dx.entities.tags.FilterTag	2
org.dxworks.dxplatform.dtos.FileDTO	2
org.dxworks.dxconfig.manipulators.FileEntry	2
org.dxworks.dxplatform.jiraminer.JiraMinerExternalAnalyzer	2
org.dxworks.dxplatform.dtos.TaskDTO	2
org.dxworks.dxplatform.dtos.RelationDTO	2
org.dxworks.dxplatform.services.querydsl.autosuggest.AutoSuggester	2
java.time.format.DateTimeParseException	2
org.dxworks.dx.time.ChangesPerTimeFrame	2
org.dxworks.famix.patterns.AnnotationTypePattern	2
com.google.common.collect.Lists	2
org.dxworks.dxplatform.dtos.ComponentConfigurationDTO	2
org.dxworks.famix.patterns.ReferencesPattern	2
java.io.InputStreamReader	2
org.dxworks.dxplatform.services.SearchInCodeService	2
org.dxworks.dx.analysis.relations.code.*	2
org.dxworks.famix.blocks.AnnotatableBlock	2
org.dxworks.dx.analysis.relations.connectors.TimeWindowConnection	2
org.antlr.v4.runtime.atn.PredictionContextCache	2
java.util.OptionalInt	2
com.fasterxml.jackson.annotation.JsonIgnore	2
org.springframework.beans.factory.annotation.Qualifier	2
org.dxworks.utils.famix.patterns.AnnotationTypePattern	2
org.dxworks.dx.activity.AuthorKnowledgeMap	2
org.antlr.v4.runtime.atn.Transition	2
org.dxworks.dxplatform.repositories.jpa.QueryRepository	2
org.slf4j.Logger	2
org.dxworks.dx.analysis.relations.connectors.CommitConnection	2
org.antlr.v4.runtime.atn.ATN	2
org.springframework.context.annotation.Bean	2
org.dxworks.utils.famix.metamodel.AnnotationType	2
org.antlr.v4.runtime.atn.ATNState	2
org.dxworks.famix.blocks.AnnotationTypeBlock	2
org.dxworks.utils.famix.patterns.ScopePattern	2
javax.persistence.Entity	2
javax.transaction.Transactional	2
org.dxworks.dxplatform.dtos.TagQueryChangeInfo	2
org.dxworks.dx.analysis.relations.connectors.DuplicationConnection	2
org.dxworks.dx.analysis.relations.code.FilesWithExtCalls	2
org.dxworks.dxplatform.dtos.FileWithTagValueDTO	2
org.dxworks.dxplatform.dtos.FileExtensionDTO	2
org.dxworks.dxplatform.repositories.jpa.ConfigurationJpaRepository	2
org.dxworks.dxplatform.services.CommitService	2
org.dxworks.dxplatform.constants.DxPlatformConstants	2
org.dxworks.dxplatform.model.jpa.ConfigurationJpaEntity	2
org.dxworks.utils.famix.blocks.AnnotatableBlock	2
org.antlr.v4.runtime.BailErrorStrategy	2
org.dxworks.dxplatform.dtos.FileExtensionTechnologyPairDTO	2
org.dxworks.dx.parsers.AbstractParser	2
java.net.URL	2
org.slf4j.LoggerFactory	2
org.dxworks.dx.time.groups.Years	2
org.dxworks.dx.entities.code.groups.Folders	2
org.antlr.v4.runtime.CommonTokenStream	2
org.dxworks.dxplatform.api.configuration.fields.concrete.StringConfigurationField	2
org.antlr.v4.runtime.tree.ParseTreeVisitor	2
org.dxworks.dxconfig.dissolver.DxDissolve	2
org.junit.After	2
org.dxworks.dx.analysis.relations.connectors.SimilarityPair	2
org.dxworks.dx.entities.team.groups.ComponentContributors	2
org.dxworks.dxplatform.api.configuration.fields.concrete.PasswordConfigurationField	2
org.dxworks.dx.entities.code.groups.ComponentsRegistry	2
org.dxworks.dxplatform.services.FileSystemService	2
lombok.Builder	2
org.dxworks.dx.parsers.SVNLogParser	2
org.dxworks.dx.analysis.relations.RelationExtractor	2
org.antlr.v4.runtime.misc.ParseCancellationException	2
org.dxworks.dx.analysis.relations.graph.DxGraph	2
org.dxworks.dxplatform.dtos.CommitTypeDataDTO	2
org.dxworks.utils.famix.blocks.FileAnchorBlock	2
org.dxworks.dx.project.groups.*	2
java.awt.Color	1
org.dxworks.famix.patterns.StringPattern	1
org.dxworks.utils.SourceTargetCSVImporter	1
org.eclipse.jgit.diff.RawText	1
org.dxworks.dxconfig.manipulators.regenerate.RegenerateGitLogWithEmail	1
com.atlassian.jira.rest.client.api.domain.SearchResult	1
org.springframework.core.io.Resource	1
org.dxworks.utils.famix.blocks.ParameterizableClassBlock	1
org.dxworks.dx.activity.ChangeType	1
org.eclipse.jgit.revwalk.RevTree	1
org.dxworks.dx.config.DevelopersWithSharedFilesThresholds	1
javax.xml.parsers.DocumentBuilderFactory	1
com.atlassian.jira.rest.client.internal.async.AsynchronousJiraRestClientFactory	1
org.dxworks.dxconfig.manipulators.RelationsCSVDissolver	1
org.eclipse.jgit.revwalk.RevCommit	1
java.io.ByteArrayOutputStream	1
org.junit.runner.RunWith	1
java.lang.reflect.Constructor	1
org.springframework.web.bind.annotation.RequestBody	1
org.dxworks.famix.metamodel.Class	1
org.dxworks.dxplatform.dtos.DeveloperFileDTO	1
org.dxworks.dx.analysis.governance.IncrementalCommitsProcessor	1
com.google.gson.*	1
org.springframework.beans.BeansException	1
org.dxworks.dxplatform.dtos.ThresholdDTO	1
java.io.StringReader	1
org.dxworks.dxplatform.repositories.jpa.FileExtensionJpaRepository	1
org.dxworks.groups.filters.IGroupFilter	1
org.dxworks.dxplatform.api.configuration.fields.ConfigurationFieldOption.createOptionFromString	1
org.dxworks.dxconfig.manipulators.DissolveManipulator	1
org.dxworks.dx.analysis.relations.connectors.FileConnector	1
org.dxworks.famix.metamodel.Attribute	1
org.springframework.web.bind.annotation.PathVariable	1
org.dxworks.dxplatform.exceptions.NoSuchProjectException	1
org.w3c.dom.*	1
java.net.URISyntaxException	1
org.dxworks.dxplatform.dtos.DeveloperActivityDTO	1
java.util.Scanner	1
org.dxworks.dx.analysis.anomalies.team.OrphanCausers	1
org.dxworks.utils.famix.blocks.ReferencesGroup	1
org.jgrapht.graph.DefaultWeightedEdge	1
org.springframework.boot.SpringApplication	1
org.dxworks.dxplatform.services.TaskService	1
org.springframework.data.util.Pair	1
com.atlassian.jira.rest.client.api.domain.Project	1
org.springframework.web.client.RestTemplate	1
org.springframework.http.HttpHeaders	1
org.dxworks.dx.analysis.relations.graph.DxGraphNode	1
org.dxworks.dxplatform.dtos.ComponentSchemaDTO	1
java.time.LocalDate	1
org.dxworks.dx.entities.tags.ExternalPropertyTag	1
org.dxworks.groups.filters.MoreThanGroupFilter	1
org.dxworks.dxplatform.dtos.AnalyzerAndFieldAndValueDTO	1
org.dxworks.dxplatform.integration.GanttValueData	1
java.security.MessageDigest	1
org.dxworks.utils.famix.patterns.PatternsProcessor	1
org.dxworks.dxplatform.constants.ColorConstants.*	1
org.dxworks.dxplatform.api.configuration.fields.ConfigurationFieldTypeConstants.DROPDOWN	1
java.nio.charset.Charset	1
org.dxworks.famix.patterns.PatternsProcessor	1
org.dxworks.famix.patterns.StringListPattern	1
org.dxworks.dxplatform.repositories.jpa.*	1
org.dxworks.dxplatform.repositories.jpa.AuthorAliasRepository	1
java.time.Period	1
org.dxworks.dxconfig.dissolver.ComponentRoot	1
org.dxworks.dx.analysis.experiments.ExperimentalStuff	1
org.dxworks.dxconfig.dissolver.ComponentPrefix	1
java.nio.file.attribute.BasicFileAttributes	1
org.antlr.v4.runtime.atn.SetTransition	1
org.eclipse.jgit.diff.RawTextComparator	1
org.dxworks.famix.patterns.BooleanPattern	1
org.dxworks.famix.patterns.AnchoredBlockPattern	1
springfox.documentation.builders.PathSelectors	1
org.dxworks.utils.famix.metamodel.Class	1
org.dxworks.utils.famix.blocks.LocalVariableBlock	1
org.dxworks.dxconfig.manipulators.merger.ActivityLine	1
java.security.NoSuchAlgorithmException	1
javax.xml.bind.DatatypeConverter	1
org.dxworks.groups.filters.AtLeastGroupFilter	1
org.dxworks.dx.time.ChangesPerGanttPeriod	1
org.springframework.web.servlet.config.annotation.CorsRegistry	1
java.util.TreeSet	1
org.dxworks.dxplatform.api.configuration.fields.concrete.*	1
springfox.documentation.swagger2.annotations.EnableSwagger2	1
org.springframework.boot.autoconfigure.SpringBootApplication	1
org.eclipse.jgit.revwalk.filter.RevFilter	1
org.apache.maven.model.Exclusion	1
org.dxworks.dx.analysis.relations.code.FileRelations	1
org.dxworks.famix.metamodel.Project	1
org.dxworks.famix.blocks.NamespaceBlock	1
javax.persistence.OneToMany	1
org.codehaus.jettison.json.JSONObject	1
org.dxworks.dxplatform.model.jpa.ProjectDetailsJpaEntity	1
org.dxworks.dxplatform.repositories.jpa.IgnoredFileRepository	1
org.eclipse.jgit.treewalk.AbstractTreeIterator	1
org.dxworks.dxconfig.dissolver.AbsoluteFolder	1
org.dxworks.dxplatform.dtos.CommitTypeDataSet	1
org.eclipse.jgit.lib.Repository	1
springfox.documentation.builders.RequestHandlerSelectors	1
org.dxworks.dx.analysis.relations.code.FilesWithDuplication	1
org.springframework.data.annotation.CreatedDate	1
org.dxworks.dxconfig.dissolver.StructuredFolder	1
org.dxworks.dx.analysis.relations.connectors.SimilarityConnection	1
java.text.DateFormat	1
org.antlr.v4.runtime.atn.LexerATNSimulator	1
org.dxworks.dx.time.AllTimeWindowsConnections	1
org.dxworks.famix.blocks.NullReferencesGroup	1
com.atlassian.jira.rest.client.api.JiraRestClient	1
org.dxworks.dxplatform.services.querydsl.generated.DxQueryDslBaseVisitor	1
org.dxworks.groups.filters.LessThanGroupFilter	1
org.dxworks.dxconfig.manipulators.merger.MergeCommitsWithIdenticalTimestamps	1
org.dxworks.dx.activity.*	1
java.nio.file.*	1
org.eclipse.jgit.lib.ObjectLoader	1
org.dxworks.dxplatform.services.querydsl.model.Query	1
org.dxworks.dx.entities.tags.InternalPropertyTag	1
org.springframework.data.annotation.LastModifiedDate	1
org.dxworks.dxplatform.integration.DxErrorException	1
org.eclipse.jgit.lib.ObjectId	1
springfox.documentation.spi.DocumentationType	1
org.dxworks.utils.MatrixCSVImporter	1
org.dxworks.dxconfig.manipulators.PropertiesJSONDissolver	1
org.jgrapht.graph.DefaultDirectedWeightedGraph	1
org.apache.maven.model.DependencyManagement	1
org.dxworks.dxplatform.repositories.jpa.ProjectQueryRepository	1
org.dxworks.dx.config.DevelopersWithSharedComponentsThresholds	1
org.dxworks.utils.json.TreemapNode	1
org.antlr.v4.runtime.atn.*	1
org.dxworks.dx.activity.LifeStatus	1
org.eclipse.jgit.revwalk.RevWalk	1
org.dxworks.utils.famix.blocks.AnnotationInstanceAttributeBlock	1
org.dxworks.utils.famix.blocks.AnnotationTypeAttributeBlock	1
org.dxworks.dx.entities.team.AuthorsRegistry	1
org.dxworks.dx.entities.code.SourceCode	1
org.springframework.web.bind.annotation.PostMapping	1
com.atlassian.jira.rest.client.api.SearchRestClient	1
org.dxworks.dxplatform.api.configuration.fields.concrete.CheckBoxConfigurationField	1
org.dxworks.dxplatform.model.jpa.relationship.TagThresholdsForProjectId	1
org.dxworks.dxconfig.manipulators.PerlCriticDissolver	1
org.dxworks.dx.analysis.relations.Collaborators	1
org.dxworks.famix.blocks.FileAnchorBlock	1
org.springframework.context.ApplicationContextAware	1
java.util.concurrent.CopyOnWriteArrayList	1
org.springframework.data.jpa.repository.Query	1
org.dxworks.dx.time.Day	1
org.dxworks.dx.analysis.relations.connectors.TimeframeConnection	1
org.dxworks.dxplatform.integration.DxService	1
org.dxworks.utils.famix.blocks.NullReferencesGroup	1
org.dxworks.utils.famix.patterns.AnchoredBlockPattern	1
org.apache.maven.model.Parent	1
org.dxworks.utils.famix.patterns.AnnnotatedEntityPattern	1
org.dxworks.utils.famix.blocks.PrimitiveType	1
org.dxworks.utils.famix.metamodel.Project	1
java.util.stream.StreamSupport	1
org.dxworks.dxconfig.manipulators.BatchReplacer	1
org.dxworks.dxplatform.services.RelationService	1
org.antlr.v4.runtime.atn.ParserATNSimulator	1
org.dxworks.dxplatform.model.jpa.relationship.ProjectQueryEntityId	1
org.dxworks.dx.entities.code.ResidualComponent	1
org.antlr.v4.runtime.atn.AtomTransition	1
java.lang.reflect.Field	1
com.atlassian.util.concurrent.Promise	1
javax.script.Invocable	1
org.codehaus.jettison.json.JSONException	1
java.util.concurrent.*	1
org.springframework.web.servlet.config.annotation.WebMvcConfigurer	1
org.antlr.v4.runtime.misc.Interval	1
org.dxworks.utils.famix.blocks.OtherBlock	1
org.dxworks.dxplatform.services.querydsl.generated.DxQueryDslParser.*	1
java.util.Random	1
org.springframework.web.servlet.config.annotation.WebMvcConfigurationSupport	1
org.dxworks.dxplatform.repositories.jpa.ComponentColorRepository	1
org.dxworks.dxconfig.dissolver.StructuredFile	1
org.dxworks.dx.activity.FileHistory	1
org.dxworks.famix.blocks.ReferencesGroup	1
org.jgrapht.alg.KosarajuStrongConnectivityInspector	1
java.util.Locale	1
org.dxworks.dxplatform.dtos.FileActivityDTO	1
org.dxworks.famix.patterns.AnnnotatedEntityPattern	1
org.dxworks.famix.patterns.VariablePattern	1
java.time.Instant	1
org.springframework.boot.test.context.SpringBootTest	1
org.apache.maven.model.io.xpp3.MavenXpp3Reader	1
org.eclipse.jgit.transport.UsernamePasswordCredentialsProvider	1
org.dxworks.dx.entities.code.SourceCodeRegexMatchIndexes	1
org.dxworks.dxplatform.api.CommitModel	1
org.dxworks.dx.analysis.relations.graph.DxGraphLink	1
org.dxworks.famix.blocks.*	1
org.dxworks.dx.analysis.relations.code.FilesWithSimilarNames	1
org.dxworks.dxplatform.integration.DxRelations	1
jdk.internal.cmm.SystemResourcePressureImpl	1
org.dxworks.dx.analysis.relations.GenericRelationsExtractor	1
org.dxworks.dxconfig.dissolver.repos.PathFragmentsRepository	1
org.dxworks.dxplatform.api.ChangesModel	1
com.fasterxml.jackson.core.JsonProcessingException	1
java.io.FileInputStream	1
org.w3c.dom.CharacterData	1
org.dxworks.dx.entities.code.symlinks.AllSymlinks	1
org.dxworks.dxplatform.model.jpa.configuration.AuthorEntity	1
org.springframework.boot.test.autoconfigure.web.servlet.AutoConfigureMockMvc	1
org.junit.Ignore	1
org.dxworks.dxplatform.dtos.CommitTypeSegment	1
org.antlr.v4.runtime.tree.RuleNode	1
org.dxworks.famix.patterns.ScopePattern	1
org.dxworks.dxplatform.services.GanttChartService	1
org.dxworks.dx.activity.RenameChange	1
org.dxworks.dx.activity.ActivityStatusByYear	1
org.eclipse.jgit.treewalk.filter.PathFilter	1
org.dxworks.dxconfig.manipulators.merger.ChangeTypeLine	1
org.dxworks.dx.analysis.AllSimilarFiles	1
org.dxworks.dxplatform.dtos.FileMatchIndexesDTO	1
org.springframework.boot.test.mock.mockito.MockBean	1
org.dxworks.dx.analysis.relations.connectors.ComponentConnector	1
com.atlassian.jira.rest.client.api.domain.IssueField	1
javax.persistence.CascadeType	1
org.springframework.web.servlet.resource.PathResourceResolver	1
org.eclipse.jgit.util.io.DisabledOutputStream	1
lombok.NonNull	1
org.springframework.test.context.TestPropertySource	1
org.dxworks.dxplatform.dtos.ProjectDataDTO	1
org.dxworks.dx.activity.ActivityStatusByTimeFrame	1
java.lang.reflect.InvocationTargetException	1
org.dxworks.dx.analysis.relations.code.FilesWithExtData	1
org.antlr.v4.runtime.ParserRuleContext	1
org.antlr.v4.runtime.tree.ErrorNode	1
com.atlassian.jira.rest.client.api.ProjectRestClient	1
org.dxworks.dx.analysis.anomalies.code.*	1
org.dxworks.dxplatform.repositories.jpa.TechnologyJpaRepository	1
org.dxworks.dx.analysis.anomalies.team.*	1
java.text.SimpleDateFormat	1
com.atlassian.jira.rest.client.auth.AnonymousAuthenticationHandler	1
org.dxworks.utils.famix.blocks.InvocationBlock	1
org.dxworks.dxplatform.services.ProjectSetupService	1
org.dxworks.famix.patterns.FileAnchorPattern	1
org.dxworks.utils.famix.metamodel.CodeEntity	1
org.dxworks.dxplatform.dtos.LogFileDTO	1
org.dxworks.dx.time.CommitsPerGanttPeriod	1
org.springframework.web.bind.annotation.ExceptionHandler	1
org.dxworks.dx.activity.IAction	1
org.dxworks.dx.analysis.anomalies.team.Solitaire	1
org.dxworks.utils.famix.blocks.AccessBlock	1
org.springframework.web.bind.annotation.ControllerAdvice	1
org.eclipse.jgit.treewalk.TreeWalk	1
org.dxworks.dx.entities.code.UnknownLanguages	1
java.io.BufferedWriter	1
javax.persistence.EntityManager	1
javax.persistence.PersistenceContext	1
org.dxworks.utils.famix.blocks.InheritanceBlock	1
org.eclipse.jgit.diff.DiffFormatter	1
org.dxworks.utils.json.FileTreemapNode	1
springfox.documentation.spring.web.plugins.Docket	1
javax.xml.parsers.DocumentBuilder	1
org.dxworks.dxplatform.integration.PeriodDTO	1
org.dxworks.dxplatform.api.configuration.fields.concrete.ReferenceConfigurationField	1
org.dxworks.utils.famix.blocks.ParameterizedTypeBlock	1
org.codehaus.jackson.map.ObjectMapper	1
org.eclipse.jgit.lib.ObjectReader	1
org.eclipse.jgit.api.PullCommand	1
org.dxworks.utils.famix.blocks.ParameterBlock	1
org.dxworks.famix.patterns.FamixPattern	1
org.dxworks.dxplatform.services.*	1
org.springframework.test.context.junit4.SpringRunner	1
java.net.URI	1
org.dxworks.utils.RelationsImporter	1
org.dxworks.dxplatform.api.ChangeType	1
org.springframework.http.HttpEntity	1
java.util.Optional	1
org.dxworks.utils.famix.patterns.FamixPattern	1
org.dxworks.dx.entities.code.groups.Messages	1
com.atlassian.jira.rest.client.api.domain.Issue	1
org.springframework.boot.autoconfigure.domain.EntityScan	1
org.eclipse.jgit.treewalk.CanonicalTreeParser	1
org.eclipse.jgit.api.CloneCommand	1
org.dxworks.dxplatform.model.jpa.LogFileJpaEntity	1
org.dxworks.dxplatform.services.querydsl.model.AtomType.*	1
org.dxworks.dxplatform.model.jpa.*	1
org.eclipse.jgit.treewalk.EmptyTreeIterator	1
java.net.MalformedURLException	1
org.springframework.web.servlet.config.annotation.EnableWebMvc	1
org.springframework.context.ApplicationContext	1
org.dxworks.dxplatform.services.TimeFrameService	1
org.springframework.data.jpa.repository.config.EnableJpaAuditing	1
org.dxworks.dxconfig.dissolver.StructuredComponent	1
org.dxworks.utils.famix.metamodel.Attribute	1
com.fasterxml.jackson.databind.SerializationFeature	1
org.antlr.v4.runtime.tree.AbstractParseTreeVisitor	1
org.eclipse.jgit.api.Git	1
org.eclipse.jgit.diff.DiffEntry	1
org.springframework.data.jpa.repository.config.EnableJpaRepositories	1